,0,1,2,3,4,5,6,7,8,9
avg(8000),-1.15875,11.8783625,19.824425,19.047175,11.7036625,-0.5253375,-13.2964375,-21.5499625,-20.6563,-13.2168375
avg(8001),-13.6730875,-1.6953625,9.4523625,17.84395,17.8526625,11.319575,-0.674025,-11.787475,-20.206425,-20.1247875
avg(8002),-10.9312,-20.8058875,-23.56715,-17.7635625,-6.8559125,7.0672125,16.8884875,19.7319875,13.9324875,2.9122125
avg(8003),22.2415875,18.4535625,9.1786375,-4.9649125,-14.8009875,-20.461025,-16.68985,-7.4628625,6.68405,16.5402875
avg(8004),-20.2720375,-20.5178875,-14.2405,-1.7953375,9.692075,17.9237,18.09935,11.9064375,-0.5701,-12.0263875
avg(8005),13.77145,3.384775,-10.0663125,-19.7494875,-23.2311375,-17.6690875,-7.2355875,6.177075,15.909475,19.33295
avg(8006),5.7779,16.3374375,22.919675,19.160875,10.2287625,-4.071125,-14.570825,-21.12195,-17.4667125,-8.4640625
avg(8007),-22.0540875,-19.803775,-10.776575,1.437425,12.5277625,19.334675,17.1318375,8.044025,-4.1310875,-15.2240625
avg(8008),12.4740375,1.1279,-11.1895875,-18.4732625,-18.366825,-11.13895,0.2578375,12.5676875,19.956275,19.834375
avg(8009),7.810175,16.742975,20.102525,15.4156125,4.591625,-9.331225,-18.3760875,-21.624275,-17.0680375,-6.18815
avg(8010),15.9957625,17.0945125,12.1243,2.521775,-8.9391375,-18.0342,-19.170875,-14.0215625,-4.7859375,7.0927
avg(8011),-15.5025125,-7.0702375,4.8046375,13.993475,17.0016375,15.353025,6.680975,-5.1089875,-14.305875,-17.4770875
avg(8012),-1.5761875,-11.363175,-18.3413125,-17.8762125,-9.4826875,1.3487125,11.4075625,18.1389,18.062175,9.37185
avg(8013),18.37025,13.756325,3.42185,-9.8503375,-18.5940875,-20.3703125,-15.795175,-5.4766625,7.7761625,16.5792375
avg(8014),-7.716275,4.33265,13.712925,18.7993875,16.7798875,7.433025,-4.6660375,-14.0085,-19.1563375,-17.18095
avg(8015),-11.867875,-19.9544625,-19.3553875,-11.29605,-0.113825,11.7115125,19.930275,19.3233,11.265575,0.1325
avg(8016),-19.340425,-19.9240625,-13.601,-2.364475,9.1959625,16.96035,17.560875,11.3547625,-0.0818125,-11.36925
avg(8017),13.5839,3.44675,-9.5669375,-18.9608,-22.3686875,-17.555925,-7.337525,5.5726875,15.1390125,18.416575
avg(8018),5.370925,15.75965,21.5483,18.5313625,9.5205375,-3.556625,-14.0366,-19.758625,-16.77565,-7.8658875
avg(8019),-1.5735125,9.4276625,17.355475,18.02875,9.7031875,-0.472875,-11.49385,-19.3338125,-20.019825,-11.6847625
avg(8020),-16.390825,-17.673725,-13.332575,-5.17285,7.2455625,15.9968375,17.2910625,12.8921125,4.769575,-7.6480625
avg(8021),17.047075,7.6039875,-4.701575,-14.0242875,-18.4343875,-17.1085625,-7.7083,4.6781125,13.965425,18.351
avg(8022),-10.486875,-17.4287125,-21.1175,-15.008575,-5.1365375,8.072175,15.046975,18.699225,12.7144125,2.790775
avg(8023),19.5725125,14.693225,5.854025,-7.4080875,-17.3672875,-23.5007875,-18.5711125,-9.778475,3.4049375,13.4997375
avg(8024),-9.798375,2.425775,14.705325,20.8833375,19.7668625,11.6131,-0.7140875,-12.8924,-19.1089125,-18.0718
avg(8025),-4.6618875,7.889725,15.77465,16.904875,12.696275,2.4679125,-9.69865,-17.688575,-19.25485,-14.30065
avg(8026),-13.394825,-17.984575,-15.33805,-6.1581,4.8640375,13.0686625,17.4573625,15.1063875,6.0837875,-5.3549125
avg(8027),16.9425625,9.3051125,-1.165675,-11.5813375,-18.63045,-16.876875,-9.4759125,0.869475,11.57665,18.3241875
avg(8028),-20.978625,-15.4399625,-5.898175,6.7372,14.6957875,18.6969625,13.1954625,3.4547,-9.0620875,-17.0334125
avg(8029),6.226125,-6.7640125,-17.5091875,-23.2325625,-18.8308625,-10.349875,2.8300625,13.604075,19.2946625,15.088075
avg(8030),13.953625,19.821975,19.61585,11.802,-0.5458125,-12.1159,-18.1797375,-17.7739125,-10.071575,2.1223
avg(8031),8.32495,-3.2168125,-14.049225,-20.2273125,-18.8417875,-10.52865,1.4408,11.7466375,18.6058125,16.583225
avg(8032),8.7821125,16.4885375,16.6334625,11.4413125,1.3695125,-9.2058125,-16.7317625,-16.897,-12.0033875,-1.545125
avg(8033),-18.3884125,-15.232375,-4.9329125,6.426275,15.6420125,18.5877625,14.8314375,5.0319375,-6.6172375,-15.6611875
avg(8034),-21.6303875,-18.4049125,-10.7285125,2.65575,12.8017625,19.2155625,16.085825,8.4101875,-4.9594125,-15.084175
avg(8035),10.989325,-1.7959125,-13.79075,-22.2559375,-21.9956375,-14.818075,-2.1863,9.8375625,18.3666875,18.082025
avg(8036),10.5230875,19.41655,22.467675,16.1927625,4.944075,-8.79765,-17.6018875,-20.7059,-14.5345,-3.244925
avg(8037),5.6617625,15.140425,19.409675,14.283,4.7685375,-8.0455875,-17.4797625,-21.811525,-16.6071125,-7.2002875
avg(8038),-23.37455,-20.3008375,-12.1151625,1.789025,13.2022,19.528725,16.3570375,8.2970625,-5.713875,-17.002
avg(8039),13.37105,0.5403,-11.2474875,-18.5334375,-19.0715125,-11.7022125,1.1800875,12.985525,20.304525,20.8423875
avg(8040),-3.4850375,9.0902,16.5812625,17.8467875,12.6445,0.207675,-10.14105,-19.65905,-19.55555,-14.1647625
avg(8041),-17.851125,-24.0261375,-16.9525,-8.9603875,5.3592125,14.5410875,18.8048875,14.8178875,3.8532,-8.449125
avg(8042),18.822725,11.33525,-3.6442875,-12.6390875,-20.8568375,-16.446325,-9.3132125,4.639375,15.2224,21.2763625
avg(8043),-13.6618125,-1.72905,9.7526625,17.7292,17.5336875,11.455875,-0.7080625,-12.127,-20.0451125,-19.7931125
avg(8044),-10.375975,-19.2955875,-22.9569625,-17.2631625,-6.6361625,6.4578,15.4894375,18.9961875,13.3161125,2.7033
avg(8045),22.294225,18.2509,9.7340125,-4.33705,-14.47725,-20.61585,-16.4962875,-7.8417875,6.1591625,16.26335
avg(8046),18.2935125,17.7598625,13.177775,1.7369375,-9.6875,-18.3098,-17.8071,-13.1324,-1.7880875,9.6971375
avg(8047),-3.17785,-12.0744875,-19.5946625,-17.2541625,-10.9011375,0.2361,9.147025,16.5814625,14.3724875,7.8742875
avg(8048),-17.525025,-7.647125,4.7983,13.4357625,17.8421375,14.581825,4.7683875,-7.7066875,-16.399575,-20.5826375
avg(8049),18.1051125,9.2305,-2.4153625,-13.734925,-20.4312875,-18.253475,-9.1801,2.4530125,13.7164625,20.4813875
avg(8050),-14.7445,-20.0931625,-16.52885,-8.064325,4.0915125,11.8677625,17.035725,13.5467875,5.1124875,-7.0469
avg(8051),-4.482925,9.087625,15.900275,17.5953875,11.2668,1.5805375,-11.99005,-18.8374375,-20.4351375,-14.2307
avg(8052),7.9814625,16.0354125,18.16645,14.74615,3.8139,-7.942025,-16.1078625,-18.0946375,-14.8134,-3.958525
avg(8053),9.946175,-1.125475,-10.4962875,-18.7983875,-16.710075,-12.99775,-1.8946125,7.547825,15.7833,13.9024875
avg(8054),-21.28285,-17.6080875,-9.9012,2.171375,10.67215,18.4168375,14.8305625,6.8723,-4.9649125,-13.6602625
avg(8055),-1.2104375,-12.95245,-21.0864375,-20.48055,-13.8250625,-1.458625,10.274575,18.4286875,17.796525,10.941575
avg(8056),17.4385375,20.2973375,14.7288,4.6277375,-8.192475,-16.0586875,-18.832025,-13.3533,-3.1311125,9.6884875
avg(8057),-19.120475,-10.43115,3.883325,14.229125,21.4150375,17.5502375,8.7779125,-5.466775,-15.9160875,-22.9164875
avg(8058),13.64945,19.88675,17.1879625,8.588325,-4.591375,-15.7748125,-22.0466,-19.246825,-10.759375,2.4351375
avg(8059),-22.593525,-14.9137625,-2.583425,10.3339875,18.4531125,18.766575,11.067275,-1.2997125,-14.217525,-22.2959875
avg(8060),5.8281875,-8.46705,-17.9509875,-21.689275,-15.8226625,-4.1473625,10.217,19.641175,23.5332875,17.5907375
avg(8061),17.6456375,10.2984875,-0.3014625,-11.9466125,-19.0040875,-19.6494875,-12.3463375,-1.7326125,9.90575,17.0470625
avg(8062),-4.4479375,7.0014875,15.1618875,17.5103375,13.2207625,4.1010875,-7.3357,-15.513,-17.822475,-13.6027625
avg(8063),-14.166125,-18.8265625,-16.779525,-7.799175,3.737975,14.0440375,18.7870875,16.7559875,7.7103125,-3.7650875
avg(8064),-1.3958375,10.4883125,18.918375,18.3275375,10.7599875,-0.7448625,-12.811125,-20.5046625,-20.483225,-12.562675
avg(8065),-17.0520875,-18.602225,-15.16715,-4.460075,8.4898625,16.5116375,18.6627875,14.326425,4.3038625,-8.7336625
avg(8066),18.1097,7.66575,-4.584025,-15.42,-21.1975625,-17.8975,-7.8676125,4.6275375,15.2857375,20.8754125
avg(8067),-0.0009125,-11.8282125,-21.30135,-20.0859,-13.3876875,-2.2815625,9.9353375,19.43865,18.0374375,11.602525
avg(8068),16.3113875,17.9414,15.6107,4.6923125,-8.0374,-16.69175,-18.4997125,-15.8135875,-5.0492375,7.9614
avg(8069),-18.335075,-8.1117375,4.0068,14.346725,20.8563125,18.594925,8.1017625,-4.331375,-14.3466375,-21.3400625
avg(8070),-2.7826375,-12.774775,-20.163875,-17.6971125,-10.6510875,0.6882125,11.14035,17.6114625,16.1365,8.347775
avg(8071),15.9265375,16.195375,12.5107875,1.3529875,-8.8242875,-16.586725,-16.6173375,-12.3319625,-2.1264375,8.72405
avg(8072),-14.9169,-5.3045375,5.8676625,15.0309375,18.466225,15.239125,4.9133625,-5.94485,-15.0938375,-18.4901
avg(8073),6.0632125,14.1233125,19.4858125,13.558525,4.96915,-8.3665125,-16.43905,-21.5855625,-16.2540625,-7.1007875
avg(8074),-22.5386875,-19.9662375,-12.023375,0.6857625,12.396675,18.8144875,16.0929625,8.0514625,-4.4682625,-16.16855
avg(8075),13.24655,1.8066125,-11.694975,-17.7237375,-19.8094625,-11.68185,-0.081825,13.29055,19.7909625,21.2892
avg(8076),17.543775,17.6771875,9.2994625,-0.455375,-12.9913125,-18.95935,-19.7887,-12.247325,-0.6570625,9.887
avg(8077),-17.5761125,-5.788625,6.7289875,15.9215,18.8597625,11.9421,2.9813625,-11.4124375,-19.0811125,-22.653725
avg(8078),-4.14525,-15.7435875,-18.7793,-17.0505875,-6.3587375,6.9179875,16.3872875,22.25115,17.029475,9.0781625
avg(8079),17.582225,12.0940125,2.46085,-10.2817125,-18.749025,-19.539525,-14.139725,-4.4218125,8.2933625,16.7302625
avg(8080),-6.953875,5.726275,14.7879125,17.802625,15.8391125,6.574775,-6.1335375,-15.2212375,-18.2289375,-16.128875
avg(8081),-11.9084375,-18.77875,-18.122425,-8.94535,1.50375,11.8048,18.787375,18.099075,8.8400625,-1.5655625
avg(8082),-9.7050375,1.7144375,11.6414,17.4723625,16.1543625,7.624425,-3.841575,-13.4125125,-19.6421375,-18.1502375
avg(8083),-9.3657625,-17.2938625,-16.5346375,-11.011725,-1.459675,9.301525,16.7615625,16.1491375,11.0146875,0.8475125
avg(8084),17.8239,14.602625,4.070625,-7.1360625,-15.6319625,-18.08595,-14.3509375,-4.32725,6.9373125,15.8607625
avg(8085),17.5327,9.6002,-3.38135,-15.0142875,-21.4721375,-19.7905375,-11.918,1.028825,12.712075,19.129175
avg(8086),-4.0882375,9.0858875,17.3739625,19.2400375,11.8250375,0.199175,-12.9516,-21.2298875,-23.130625,-15.703375
avg(8087),-17.0567,-21.455,-15.705875,-5.0356125,9.175975,18.748525,23.23365,17.4719875,6.8357625,-7.37285
avg(8088),-17.9071,-13.393075,-3.0452875,9.57275,17.9327,17.9751875,13.3540625,3.0818625,-9.52765,-17.8679625
avg(8089),8.673025,16.2557125,15.1421875,7.9847375,-2.107375,-11.7175125,-19.13885,-18.131875,-11.0544875,-0.7986
avg(8090),5.274,-6.9345875,-15.7151125,-20.3160125,-18.0579,-8.1676875,3.9694625,12.7436375,17.564075,15.0348125
avg(8091),13.69865,18.8109,15.0038,5.923975,-5.8914375,-13.6984375,-18.7013,-15.1726125,-5.8762,5.90085
avg(8092),1.4504375,-10.0040625,-16.838325,-18.0002375,-13.8193125,-4.356625,7.06315,13.9558,15.041425,10.75575
avg(8093),-18.229575,-11.6065375,-0.825175,9.5087375,17.1708375,15.3135,8.5744,-1.9717,-12.506925,-19.9084375
avg(8094),-7.465825,-14.6171375,-20.942575,-15.5790875,-9.1943375,4.9713375,12.2095375,18.5384625,13.2483875,6.875725
avg(8095),21.6459375,17.3698625,9.4204125,-5.95705,-16.4985125,-25.517625,-21.3511125,-13.3213375,1.970875,12.5865125
avg(8096),-9.7086625,2.077575,14.231775,19.9805375,19.837925,11.5053,-0.2519125,-12.4886375,-18.1957875,-18.1005125
avg(8097),-21.6467625,-20.97475,-13.6286125,-3.1178125,11.035275,17.661675,19.0284875,11.171025,-0.7092,-12.5599
avg(8098),16.750375,4.231175,-8.1529375,-16.7154125,-19.83295,-13.2429,-4.5544,10.95935,17.1605,21.4956125
avg(8099),2.8378625,14.8259375,20.06995,18.5936375,7.837675,-5.2962,-15.4115125,-23.4390625,-17.8903,-10.90565
avg(8100),-11.7866,1.439675,12.266625,19.66865,16.969125,9.0407875,-4.160025,-14.9359625,-22.4329,-19.687325
avg(8101),-10.8069375,-18.7390875,-18.7815,-11.8553625,0.2939625,12.0628875,20.0730125,20.0770375,13.2109125,1.0153125
avg(8102),20.7523,15.69525,5.3340125,-8.90615,-18.2383,-22.26395,-17.303825,-6.9523875,7.343375,16.6762
avg(8103),15.78225,19.2104375,15.5532375,4.675775,-7.5826875,-15.7843375,-19.1989125,-15.573075,-4.732725,7.590425
avg(8104),-0.076675,-10.010375,-19.0184375,-17.5125125,-14.821275,-2.9049625,7.0472,16.0349625,14.5785,11.8383125
avg(8105),-17.840625,-11.4298375,1.15075,10.0239,19.1607625,14.953875,8.46405,-4.014075,-12.9448875,-21.9900125
avg(8106),-15.1728,-4.9972,9.17385,17.44915,19.88395,15.27225,4.9314375,-9.152325,-17.47065,-19.911975
avg(8107),15.228375,16.54005,10.185675,1.1085,-10.7150375,-18.273175,-19.474375,-13.1561875,-4.1070125,7.757525
avg(8108),-4.419625,-14.4629,-20.6295375,-19.0512875,-9.7550375,1.4724125,11.5327875,17.7529625,16.23125,6.8827
avg(8109),-19.504025,-13.5135125,-1.6789625,10.353125,17.3774375,17.353375,10.9816875,-0.7269125,-12.7813875,-19.856
avg(8110),2.4200625,-10.8711375,-18.9474625,-23.0157,-16.7061875,-6.4645,7.074575,15.075075,19.1451375,12.8759375
avg(8111),16.042875,22.5408125,17.8359,9.135075,-4.4346375,-14.39095,-20.724875,-16.0839125,-7.3394875,6.24025
avg(8112),-22.897875,-16.0253625,-3.97205,10.209625,19.113975,20.1557625,13.3614,1.2321375,-12.8966,-21.8854875
avg(8113),6.056625,-8.08665,-17.035,-21.0404375,-16.1882875,-4.6605875,9.4767375,18.4791125,22.4343625,17.6723125
avg(8114),14.5052,21.7999875,19.0226875,9.389875,-3.825625,-16.0574375,-23.42925,-20.5786,-10.9347,2.26845
avg(8115),13.706275,2.6780375,-9.0171875,-18.163525,-19.9767625,-15.9093125,-5.8130625,7.7793875,14.7451875,19.6733625
avg(8116),3.0029375,12.8560875,19.1061625,16.1592375,5.417375,-5.5334,-17.8793125,-22.3844375,-19.61385,-10.64295
avg(8117),-19.889625,-17.576075,-11.0050625,1.7220875,14.1420625,20.2861875,21.43935,11.138325,0.87585,-13.003775
avg(8118),13.635325,18.2573125,16.6844375,6.8723375,-4.88205,-13.0911125,-19.38975,-15.2518875,-7.8458375,5.297575
avg(8119),2.2432125,-8.5202375,-16.222175,-18.165175,-13.8981,-6.1280875,6.26095,12.621025,15.4433,11.4624125
avg(8120),-18.4415875,-11.701125,-2.1961875,9.3368875,16.138025,16.0200875,9.14315,-1.460925,-11.540525,-20.002325
avg(8121),-15.5516625,-5.9673375,9.04185,17.7448,19.7167125,14.8594875,1.5410125,-10.6110875,-21.3629375,-22.4161625
avg(8122),-6.7573375,-14.781825,-22.1636875,-15.372575,-7.3404625,7.3842625,17.3550375,21.7519375,18.844775,7.3134
avg(8123),20.9602875,19.68715,12.17185,-3.5364125,-13.6766875,-23.9409375,-20.645175,-13.0711625,0.8168875,13.5761
avg(8124),17.072,9.31395,-4.0606875,-14.728475,-22.3980625,-19.7805875,-12.02415,1.3864625,12.0441,19.619775
avg(8125),-0.03495,11.883275,19.90265,20.306625,13.332275,1.3681,-10.550525,-18.5270375,-18.9263375,-11.916225
avg(8126),-18.0802125,-22.4622625,-17.3163375,-7.4494625,7.2015875,16.4638,20.8863625,15.68815,5.822175,-8.7553125
avg(8127),12.657175,-0.2094375,-10.5973625,-19.7375375,-19.092875,-11.0225875,-1.112725,11.6373125,18.971825,19.2154
avg(8128),-20.3144,-18.273025,-9.208,1.009,11.427225,16.2885625,15.9070125,6.6721,-4.7636625,-13.5387625
avg(8129),5.8551,16.1774875,16.66655,14.9491,3.5384625,-9.3479,-18.488025,-21.0156125,-16.2397,-7.4852375
avg(8130),3.7106375,-6.8276875,-16.051575,-18.1608,-14.8336375,-5.2315625,8.060675,14.732625,19.6258375,13.9023375
avg(8131),-16.50145,-13.43985,-2.8697625,7.721775,14.61905,15.3911125,9.3785125,0.1653125,-10.707,-17.985625
avg(8132),10.4515,17.63705,15.6646125,6.6645125,-3.7267,-13.9912625,-20.6221,-17.5665875,-11.0360375,2.1583875
avg(8133),-19.6385375,-16.0190125,-5.2673875,7.5370375,17.4795125,19.6319125,16.030875,5.25705,-7.497575,-17.4949
avg(8134),8.0365125,16.6156875,16.3724,10.40115,-0.8136,-10.9721875,-19.6006125,-19.351,-13.3852625,-2.1376625
avg(8135),8.4564875,-4.8971,-15.8627875,-22.3788,-20.3960375,-11.39535,2.005725,12.9585,19.5513125,17.5126875
avg(8136),-18.4543875,-7.9260625,3.7140375,12.8000375,17.7357625,16.0857,6.1374125,-5.82875,-14.7242875,-19.563325
avg(8137),0.185575,-10.7025875,-17.4550375,-17.174475,-9.4226125,-0.2535125,10.0172875,17.56605,16.3584,9.3044625
avg(8138),17.025925,17.9324375,13.2881875,3.9220125,-9.0265,-17.022825,-17.8692125,-13.7228375,-3.5952625,8.5969
avg(8139),2.880525,-9.4226875,-18.24415,-20.7317125,-15.5436,-5.2770125,7.1095,15.922825,18.4249375,13.3245125
avg(8140),14.147,19.5345375,15.284975,6.329725,-7.824375,-18.0291875,-23.4382125,-19.1579625,-10.2802625,3.917825
avg(8141),-17.8414375,-9.9561,3.0845875,13.708275,21.147325,19.6212875,11.6915375,-1.3707625,-11.9216625,-19.438075
avg(8142),18.2826875,20.5491625,11.6329875,0.504675,-12.979725,-22.3050375,-21.21225,-16.1694,-1.677425,9.132675
avg(8143),-15.1795375,-4.6332625,10.7515875,18.0335875,22.972475,15.9742125,5.3277375,-8.3691875,-17.9144375,-19.306375
avg(8144),-4.2973875,-16.607225,-22.78385,-19.08435,-11.0617875,4.7658,13.585675,22.159775,17.238875,8.4251875
avg(8145),-14.616625,-20.553625,-17.7916625,-10.231525,2.503325,12.5149125,18.4569375,15.7537625,8.094525,-4.6465125
avg(8146),17.575525,10.6204125,-1.5008375,-12.9630375,-21.2341375,-21.417175,-14.498525,-2.3816875,9.115525,17.3538625
avg(8147),-3.4900125,9.661875,18.5398875,21.5457875,15.8431875,5.1826125,-7.9514875,-16.841875,-19.73405,-14.056925
avg(8148),-7.280725,-16.1614375,-20.6423875,-16.2959375,-6.4954375,7.3084,16.0315625,20.5904875,16.3502875,6.2466625
avg(8149),-14.926325,-4.159475,7.782825,16.2314625,17.2541125,11.9931375,1.0671125,-10.6488125,-19.3136,-19.9842
avg(8150),19.4209375,17.081825,9.1925,-3.67585,-14.2832,-22.4543125,-19.77485,-12.2285125,0.7649125,11.3008125
avg(8151),19.52985,13.3883875,0.1514,-12.27805,-22.1883625,-22.290825,-16.090675,-2.8756875,9.54045,19.5335875
avg(8152),-4.9409,9.8201875,19.2273375,22.795825,17.6179,6.3171875,-8.3992875,-17.743125,-21.42595,-16.1695875
avg(8153),-15.5855,-23.807975,-19.7768125,-11.25035,3.4031875,14.084675,22.1795375,18.1776,9.7750125,-5.02185
avg(8154),-3.1944875,9.8494125,18.4227625,19.0153375,11.9366625,0.484675,-12.518775,-21.2349125,-21.6318625,-14.7348875
avg(8155),-16.8405,-19.8847125,-14.7478375,-4.0508375,9.749925,18.2550875,21.2897625,16.2855125,5.4016125,-8.310375
avg(8156),18.141775,8.5738625,-4.7264125,-15.7219625,-22.445175,-19.765175,-10.2084125,3.1167,14.0874125,20.925725
avg(8157),18.724775,14.9802,5.1682875,-7.7460625,-15.9781875,-18.7429125,-14.9972375,-5.214,7.7549,15.9473625
avg(8158),-11.1664375,-18.6384,-18.72485,-12.690675,-2.8448625,8.2106375,15.6663375,15.7568625,9.7389375,-0.0642125
avg(8159),-10.5786,1.0156375,11.0965875,18.015825,16.2638875,7.66885,-3.9094125,-13.9868375,-20.8728125,-19.123175
avg(8160),17.9623375,13.66025,3.6880125,-8.7627625,-17.354475,-19.6729625,-15.86455,-5.6169875,6.7079875,15.3898875
avg(8161),-7.548925,3.63955,12.3648875,17.5334875,15.2198625,6.9822125,-3.9310875,-12.9351125,-17.66925,-15.869325
avg(8162),-11.0164,-18.1853875,-17.5026625,-10.774525,0.002,10.6935875,18.11055,17.4822875,10.3887625,0.0690125
avg(8163),12.61085,19.755525,17.2934125,8.450275,-4.2186875,-15.3483625,-22.5075375,-19.9984625,-11.207175,1.4175875
avg(8164),-18.636825,-11.3828875,0.238275,12.7728375,20.2487625,20.094125,12.8913875,1.150775,-11.3389,-18.8074625
avg(8165),4.8775375,-9.374975,-18.3709,-22.2532375,-17.3607,-6.4890375,7.736,16.8113125,20.70685,15.8603875
avg(8166),16.2389375,18.2978375,13.8493875,3.6308375,-8.348475,-16.2631,-18.337925,-13.9154625,-3.75505,8.3924875
avg(8167),-1.313,-10.8339125,-18.340875,-17.1495625,-12.1842125,-1.649925,7.84125,15.39795,14.2017,9.2066875
avg(8168),-17.3081125,-9.3575375,2.8129,11.3884875,17.73815,14.376275,6.4694875,-5.7197125,-14.2522375,-20.664325
avg(8169),3.745225,-10.519975,-19.1420875,-22.597575,-17.4224,-6.5068375,7.7823,16.3722,19.920975,14.70115
avg(8170),16.3085625,21.9924875,18.0039875,8.36425,-5.0048125,-14.8548875,-20.5808375,-16.562175,-7.0497875,6.420425
avg(8171),-21.1220375,-12.8686,-0.6754,12.26735,20.345975,19.5332625,11.3430875,-0.876475,-13.7454375,-21.9318625
avg(8172),12.8882125,2.960725,-10.5236625,-18.7253375,-19.6338375,-13.069075,-2.9777125,10.5845625,18.69965,19.7050125
avg(8173),-19.8008125,-19.0099125,-10.7071625,-0.159275,10.1394375,16.87665,16.0754125,7.579725,-2.5984,-13.148875
avg(8174),5.3469,14.2489,18.7297625,15.5423375,5.56735,-8.13825,-17.2157875,-21.389975,-18.5967125,-8.4329375
avg(8175),4.13345,-8.6643375,-16.8525125,-21.0740125,-16.12735,-6.690175,6.1192,14.4548125,18.6576125,13.864425
avg(8176),12.8108875,18.9164875,15.6243625,7.6337875,-5.45145,-16.64285,-22.7740875,-19.5588,-11.5908875,1.4443
avg(8177),-18.9362375,-11.127925,1.0332875,13.0595625,20.3204,20.799,12.9821,0.7963375,-11.214525,-18.5147375
avg(8178),7.3644,-5.090275,-14.9287625,-21.42545,-17.201925,-9.7849125,2.832275,12.5235625,19.0554625,14.7431375
avg(8179),10.772425,17.966125,16.966325,10.1136125,-2.5600375,-14.791275,-21.85255,-20.7892625,-13.9818375,-1.2083125
avg(8180),-19.5329875,-13.1256875,-1.918925,10.87125,18.01835,21.4404,14.6997125,3.6289125,-9.1653125,-16.2738625
avg(8181),12.2541125,-0.082375,-12.5227375,-21.3233,-21.5361875,-15.037,-2.6292125,9.7834875,18.5459625,18.8239125
avg(8182),9.6747875,18.181475,21.46545,16.0188,5.1798,-8.235275,-16.755025,-20.029475,-14.57705,-3.7788125
avg(8183),-22.8194,-19.1651625,-10.4674375,3.4842,14.2452875,21.2431875,17.5922625,8.90545,-4.99585,-15.7995125
avg(8184),-13.9827,-3.1978125,9.24755,16.384175,17.9280125,11.6963375,0.91615,-11.450425,-18.700925,-20.437525
avg(8185),-10.0187,-18.8693125,-23.52665,-17.4230375,-7.537225,5.9863625,15.0110875,19.4832625,13.7318375,3.8193375
avg(8186),21.345925,18.033675,9.58835,-3.4017625,-13.8093875,-19.52305,-16.4316375,-7.846125,4.9837125,15.578025
avg(8187),3.5226,13.1496,20.9027,16.9270375,7.4341,-6.2207,-15.888075,-23.6624375,-19.608075,-10.203975
avg(8188),-20.4418125,-17.5262125,-10.5681875,1.87285,13.6192375,21.8717,18.9814625,12.0326375,-0.4842,-12.18185
avg(8189),15.48195,3.585225,-10.9485625,-19.31055,-21.914275,-17.118125,-5.211975,9.3699875,17.694275,20.394675
avg(8190),-1.374425,-12.9345125,-21.8003125,-20.8609,-13.959525,-1.00485,10.5841,19.4042,18.4892375,11.5853
avg(8191),17.5442625,19.906075,14.3480875,2.455125,-11.1860125,-21.4372625,-23.770225,-18.212975,-6.3263,7.309525
avg(8192),-18.427975,-8.03665,7.174075,17.9903625,24.0446,20.1419625,9.75295,-5.4292375,-16.2658875,-22.2511375
avg(8193),-20.9630875,-13.9055125,-1.434475,11.5199125,19.998925,18.309825,11.14075,-1.30015,-14.2137875,-22.8364625
avg(8194),3.352125,-10.31715,-17.690225,-19.7085375,-13.8124125,-1.9825125,11.6961,19.1841125,21.09035,15.3095875
avg(8195),14.9262625,21.8833625,17.3238,7.1341875,-6.7477625,-16.579625,-23.4285625,-18.989675,-8.691775,5.211025
avg(8196),11.1079875,-2.0942375,-13.8293375,-21.7124125,-21.1374625,-13.509975,-0.380125,11.540625,19.1810125,18.8472
avg(8197),7.7981625,18.66985,20.2235125,14.2292875,1.636025,-11.7020125,-22.2877625,-24.526875,-17.76565,-5.768575
avg(8198),-21.7162625,-18.070225,-6.8614,7.523825,18.9705375,23.5037375,19.5888375,8.921775,-5.9888375,-17.06565
avg(8199),-18.5001875,-19.6783375,-14.37235,-3.529125,10.615225,18.2741625,20.04575,14.27315,3.60055,-10.530625
avg(8200),-0.5079875,9.3259875,17.0191125,15.1157125,8.6946125,-2.2583625,-12.3644125,-19.9302875,-17.915575,-11.9654375
avg(8201),15.1826875,6.1636,-6.9072,-15.309125,-22.0071125,-18.0587375,-9.3461125,4.06135,12.1611125,19.4741125
avg(8202),-13.4917,-20.5783875,-20.6752125,-12.700775,-1.563275,10.6621625,17.8900125,17.7573125,10.160625,-1.0718375
avg(8203),19.958875,14.661925,4.405175,-8.5026875,-16.0406625,-18.7319375,-13.1673625,-2.8271625,9.691,17.5584875
avg(8204),-9.0492375,3.7669625,14.8088375,20.451725,17.29135,7.71655,-5.5098875,-16.395675,-21.9834375,-19.023
avg(8205),-7.7907,5.494275,14.410025,20.1770125,18.01565,6.1404,-4.5487625,-15.407425,-20.08885,-16.8726125
avg(8206),16.56705,13.66225,2.7596375,-8.3559625,-17.619575,-18.9584,-16.0238875,-6.9845,6.7200375,13.006275
avg(8207),-11.8345375,-21.1092625,-18.3555625,-12.9808125,-2.125125,9.8019875,16.624175,17.8089875,8.542,-0.169875
avg(8208),11.628,-1.979925,-13.7796875,-22.3741125,-21.3236,-14.007325,-0.515375,11.47425,19.9335375,18.9743
avg(8209),8.6096875,18.231375,20.2433375,13.6268625,1.384425,-12.4724375,-22.10475,-24.2144875,-17.44985,-5.312025
avg(8210),-22.7538625,-17.7137875,-7.1398,8.2933,18.8788375,24.467725,19.5182875,8.9116,-6.5700375,-17.1164375
avg(8211),13.8573125,18.48745,15.5546875,5.823075,-5.65935,-13.951475,-18.41735,-15.57705,-5.741325,5.7149625
avg(8212),0.4632375,-9.550125,-17.5566,-17.0335625,-13.9705625,-3.3249375,6.639475,14.6648625,14.04725,10.9349
avg(8213),-18.3108625,-12.0139125,-0.056575,9.7001,18.3200125,15.39985,8.98425,-2.9059,-12.6836625,-21.156625
avg(8214),-12.2076,-20.348375,-19.93445,-13.5219125,-1.1899875,9.8461875,17.9766625,17.6162625,11.221725,-1.1313625
avg(8215),19.44125,12.8729125,1.8440125,-11.3545375,-20.6074875,-23.2928375,-16.8133,-5.8511375,7.493875,16.6947
avg(8216),-7.0644625,7.283875,16.616725,21.9878875,17.6254125,8.76325,-5.4637875,-14.8254875,-20.2344875,-15.8868375
avg(8217),11.864025,19.4190375,18.2854875,11.143175,-0.0362625,-11.8329625,-19.4672125,-18.3524,-11.0947875,-0.008775
avg(8218),6.2542375,-5.2914375,-13.965325,-20.137125,-17.8017625,-9.2263625,2.345175,11.04445,17.0940375,14.872
avg(8219),-20.6599125,-16.3845375,-6.4478125,7.0745125,15.21875,17.7858,13.479325,3.5372125,-9.9767625,-18.1523125
avg(8220),-6.2420875,7.501375,16.916275,19.5573125,14.6106875,3.4144875,-10.2548375,-19.7415125,-22.2755625,-17.2655
avg(8221),-14.591375,-20.1862375,-15.916325,-6.548575,7.0355625,16.0379375,21.60965,17.3432625,7.89755,-5.7042375
avg(8222),18.814325,11.1991875,-2.028675,-13.7054375,-22.31905,-20.330525,-12.763725,0.5263875,12.175,20.735175
avg(8223),18.603375,15.3646375,7.8871375,-4.9827,-14.9665,-20.9426125,-17.7012375,-10.2267875,2.6058125,12.647225
avg(8224),-14.33775,-2.3663875,9.7233125,17.45005,17.6498625,10.5314375,-1.5101375,-13.557075,-21.3123875,-21.5967
avg(8225),-8.49375,-16.628775,-20.1853,-13.8748125,-3.1780625,10.1335875,18.3694875,21.9417375,15.6540375,5.0206375
avg(8226),14.9263875,4.0980625,-10.05515,-19.2528125,-22.47205,-17.59835,-6.8385875,7.3425375,16.5138125,19.72175
avg(8227),6.05965,16.1471,21.839575,18.4336,8.5934,-4.685675,-14.7350375,-20.405575,-16.9383875,-7.2246
avg(8228),-21.8710625,-21.2688125,-13.122475,-0.933225,11.9386125,20.2288375,19.73,11.5615,-0.6924875,-13.4123125
avg(8229),-2.708775,-12.703925,-18.7300125,-18.4493875,-10.2941625,0.6832,10.7103,16.7247125,16.4651875,8.2289125
avg(8230),16.3473875,17.2769125,11.40645,2.0604375,-8.773275,-16.71075,-17.6056125,-11.75895,-2.39925,8.4358
avg(8231),-15.0285625,-5.902625,6.197725,15.364525,18.0707,14.9728375,5.7337125,-6.2574875,-15.4714125,-18.0998875
avg(8232),6.1283,16.2414375,19.5613625,16.2419,6.39495,-7.16395,-15.1740875,-20.8095875,-15.5975,-6.194375
avg(8233),12.24665,1.0966125,-10.10115,-18.1013375,-19.3796125,-14.5515375,-4.120825,7.17845,15.47675,15.3848125
avg(8234),-21.4279375,-19.563325,-11.1755125,0.15145,10.8163125,18.8314625,15.691225,9.484025,-4.0554375,-12.8315
avg(8235),-2.139275,10.951775,19.5411125,19.0991625,11.90695,-0.6139875,-13.658825,-22.3371375,-21.7940625,-14.5814625
avg(8236),-16.5772125,-19.8425,-14.8587875,-3.9737,9.5576625,18.0418875,21.2679,16.3772875,5.3960125,-8.1146875
avg(8237),18.7415375,9.0417625,-5.07145,-16.438225,-23.816225,-20.3514125,-10.6195625,3.49535,14.85805,22.1968625
avg(8238),16.8566875,14.6879625,4.92475,-6.33355,-15.699425,-19.0103,-16.478475,-7.1160375,4.630925,13.44105
avg(8239),-8.8723875,1.4432875,11.0622,17.2144,16.2815375,8.2830125,-1.8443125,-11.4540875,-17.7966,-16.23185
avg(8240),-9.1992875,-17.495,-17.3428875,-12.284275,-1.90035,9.4606625,17.2268875,17.5072625,12.1148625,1.706825
avg(8241),-10.0680875,2.4223125,13.1745125,21.1184125,18.388975,10.080325,-2.3599875,-13.1300625,-21.0846125,-18.5200125
avg(8242),18.2411875,14.6920125,5.373175,-7.8359625,-15.9461875,-21.239325,-17.6912375,-8.378825,4.8601125,13.0326625
avg(8243),-11.20485,-19.521075,-20.518225,-15.1926875,-4.8574125,8.2864,16.5925375,17.71535,12.3104,2.053325
avg(8244),-9.7474875,3.2690875,12.7830875,21.15,17.3380375,9.7753,-3.23055,-12.7898875,-21.0872125,-17.4529375
avg(8245),16.0788875,13.6488,4.10825,-7.46075,-15.6844875,-19.0412625,-16.7316625,-7.086425,4.572475,12.7527375
avg(8246),-11.2807625,-20.7601,-19.4520875,-15.5012,-2.8461,8.28415,17.957125,16.6556375,12.4438875,0.0482875
avg(8247),-20.2576,-13.3579375,-1.819675,9.86205,17.81275,17.934125,11.0589125,-0.56885,-12.1337375,-20.160725
avg(8248),3.1412875,-10.5128625,-19.6842,-22.91545,-17.368625,-7.049,6.5839125,15.823175,18.982525,13.5165625
avg(8249),16.3676,22.1497125,18.724525,9.524275,-4.483125,-14.6388125,-20.3637625,-16.9552,-7.7725875,6.191725
avg(8250),-11.274625,-20.3986625,-22.275225,-16.7461875,-4.86895,8.640575,17.739675,19.5494625,13.9838875,2.0796125
avg(8251),22.2930875,17.734625,7.4696125,-6.3325875,-15.7656125,-20.8555375,-16.1996625,-5.9827625,7.8685625,17.2434625
avg(8252),-12.352675,1.10485,13.0251875,21.2139125,18.8337125,10.717375,-2.816425,-14.6283375,-22.849225,-20.341275
avg(8253),12.0714,18.1237875,15.88535,7.125275,-4.3469375,-14.262225,-19.957475,-17.90205,-9.268125,2.438975
avg(8254),-16.721525,-11.21875,-0.7857375,9.8052375,16.9808375,16.4763625,10.689925,0.542175,-10.1773875,-17.2148375
avg(8255),4.047575,-7.6895875,-16.3205,-18.472325,-14.4859,-4.0840375,7.6511625,16.1591625,18.6229625,14.18865
avg(8256),10.3390125,18.0504375,18.2877375,11.1214875,-0.343225,-13.0725,-20.78925,-21.0737,-13.8800125,-2.4220375
avg(8257),-19.0182375,-14.2385875,-3.6529125,9.243375,17.469775,20.4832375,15.7247625,5.1224375,-7.7832625,-16.024425
avg(8258),8.2270125,-4.618725,-16.039525,-22.41005,-19.5546375,-9.831275,2.9501625,14.4544375,20.821075,17.998775
avg(8259),16.0814875,16.852125,12.5500875,2.4614875,-9.8499375,-18.11245,-18.8575625,-14.533975,-4.5974125,7.9650375
avg(8260),-15.8796625,-6.4149625,4.9542375,13.3079375,17.34235,15.6129125,6.09075,-5.2882375,-13.6971875,-17.7248125
avg(8261),-1.0546875,-11.6204625,-18.7823125,-17.2103,-9.1545375,0.9415375,11.5403125,18.71905,17.3599375,8.9952
avg(8262),14.8929875,18.5536375,13.5071625,4.157775,-8.723425,-17.2621625,-20.8797875,-15.8347875,-6.525475,6.36015
avg(8263),-19.460975,-11.315175,1.94275,12.339925,18.7208875,15.5776125,7.4647125,-5.8401625,-16.1866,-22.6101
avg(8264),0.66695,-11.14755,-18.676725,-18.7091,-11.269175,1.0886125,12.8228,20.4339,20.4910125,13.070725
avg(8265),-3.6817125,-13.671925,-19.4619625,-18.1586375,-9.4212625,1.667725,11.63575,17.478125,16.22495,7.4422375
avg(8266),16.80225,16.4361625,10.6787875,0.9985125,-9.50965,-17.1894625,-16.7835625,-11.0273125,-1.394575,9.2324375
avg(8267),-14.666625,-4.4053375,7.1876625,15.835925,17.8576375,14.6416625,4.3439125,-7.242475,-15.893,-17.986425
avg(8268),-18.743675,-16.2695125,-11.07815,0.5754125,10.5271875,18.5634375,16.0739,10.9396125,-0.80865,-10.6366
avg(8269),2.0521125,10.1689875,16.0735625,13.2080625,5.6313,-4.9984625,-13.0786125,-19.068325,-16.0871625,-8.5745125
avg(8270),13.13115,2.3496875,-8.9408625,-17.385575,-19.109725,-16.0539875,-5.28675,6.040075,14.4633,16.2369625
avg(8271),-2.6019875,10.15475,16.3168375,18.3073375,10.6172875,-0.4664375,-11.49505,-19.9581,-18.7555375,-13.860275
avg(8272),-19.423,-22.9576625,-16.382975,-7.9621375,6.6424125,14.9693375,18.9224625,13.659075,2.478075,-9.2078375
avg(8273),19.311775,8.9811125,-4.0759125,-14.2848875,-20.1441625,-16.187525,-8.0561125,6.0983875,15.75465,21.682425
avg(8274),10.0548875,18.8467375,19.0594375,12.57845,0.2465875,-12.7621625,-21.577125,-21.7963,-15.3005625,-2.9748375
avg(8275),-20.364575,-15.0822125,-3.9904,9.65305,18.338175,21.8075375,16.5816375,5.408975,-8.1847625,-16.8791125
avg(8276),8.9138875,-4.884625,-15.8975625,-23.1283875,-19.640775,-10.5215625,3.246975,14.3297125,21.4958875,18.09735
avg(8277),6.585375,14.989225,17.3300375,13.6239625,3.742775,-8.7753875,-17.0257125,-19.2826,-15.652825,-5.6174875
avg(8278),-17.8550875,-16.1155125,-7.3988375,3.216125,12.0037875,17.5701125,15.716175,6.968775,-3.5603375,-12.4989
avg(8279),10.6644625,0.5360375,-10.8872375,-18.1901625,-17.4181375,-10.6928,-0.4950125,10.8641,18.1799875,17.424275
avg(8280),5.3280125,-7.7889,-17.0247875,-19.0288375,-16.7218,-7.018025,5.365675,15.3097875,16.5745625,15.098125
avg(8281),11.569925,17.270475,16.4975125,8.12625,-3.1922375,-11.75885,-17.489325,-17.12495,-8.1906375,2.308775
avg(8282),-18.255925,-11.2126875,-1.2672,9.280775,18.4153375,17.7157625,11.3588125,1.1996125,-9.179175,-18.3001125
avg(8283),5.7390875,14.89465,20.4103625,16.903,6.7669625,-5.741925,-14.9623375,-20.400925,-16.9748375,-6.773525
avg(8284),12.0757375,3.1254875,-9.494225,-16.781975,-19.34465,-15.0847625,-6.1214,6.5861875,13.8173125,16.3954
avg(8285),-20.1267875,-19.3927375,-11.8315125,-1.5081125,10.23,17.2537,16.5927375,8.863975,-1.3413625,-13.1700625
avg(8286),-11.504075,-1.3373125,10.768125,17.8120875,17.29535,11.5205375,1.3224625,-10.681675,-17.8182125,-17.248025
avg(8287),16.2798875,13.7837,6.4024125,-3.8442875,-12.618025,-19.2655125,-16.75795,-9.3896875,0.8971125,9.6494
avg(8288),-8.8354125,-16.1011875,-20.13355,-16.382975,-6.801575,5.8916125,13.1959125,17.2748375,13.5369375,3.9245
avg(8289),-13.3557625,-19.6983125,-16.1574375,-7.5213125,4.58715,13.358075,19.70855,16.1395125,7.538925,-4.59865
avg(8290),-6.62695,4.8911,12.5678625,15.5580625,12.5382625,3.6883875,-7.838725,-15.5057375,-18.5505625,-15.482025
avg(8291),14.9485625,9.6106875,-0.810725,-11.2255875,-18.8823875,-17.8102625,-12.53765,-2.0841,8.3352125,16.021925
avg(8292),2.9293125,12.1899125,17.4556875,15.531775,6.2016125,-4.816,-14.41985,-19.2886375,-17.5421375,-8.25745
avg(8293),-17.5572375,-16.3461875,-10.2421625,-0.1565125,9.9275375,17.3253125,16.1412,9.7092375,-0.2253,-10.3377625
avg(8294),13.61055,3.181575,-8.194175,-16.55185,-17.41095,-13.9718875,-3.191675,8.1570375,16.5512,17.512425
avg(8295),-9.44935,-17.38175,-19.6546375,-14.7238375,-4.7343375,7.301075,15.5340875,17.4129375,12.9441125,2.72795
avg(8296),17.1805625,14.48525,6.46265,-4.7768875,-13.0826625,-17.538375,-14.9198875,-6.627775,4.186575,12.9256875
avg(8297),-9.787175,0.794825,11.205175,17.9610125,16.8612625,9.7089625,-0.9931375,-11.3288875,-18.047075,-17.151925
avg(8298),4.9098375,-8.47525,-17.23975,-22.114975,-16.538675,-7.382925,6.038375,14.8443375,19.6887875,14.3360875
avg(8299),12.7573625,18.7753625,16.4683,7.985,-5.109625,-16.56425,-22.6988125,-20.2502875,-11.8819125,1.1072125
avg(8300),-19.62055,-11.501225,0.0967375,13.360425,20.0644625,21.3875125,13.3697,1.6002875,-11.5476125,-18.3123875
avg(8301),12.4269875,18.853075,15.617075,8.4638125,-4.799525,-14.6333125,-21.08885,-17.8342,-10.6902625,2.5969875
avg(8302),-21.5887875,-14.84395,-2.35445,9.2070625,17.4366125,17.6968375,10.9653625,-1.541925,-13.0534,-21.33725
avg(8303),5.3682375,-8.049125,-16.7902,-20.2474,-14.09265,-3.629375,9.791575,18.55495,22.013775,15.846675
avg(8304),11.4286125,1.872675,-10.240175,-18.33445,-18.89955,-13.4259125,-3.9443125,8.1999375,16.2942375,16.915725
avg(8305),5.771575,13.7256625,16.8061625,14.4568375,5.64345,-6.1444,-14.042375,-17.203575,-14.786425,-5.990525
avg(8306),-18.4591375,-17.0959625,-8.409575,2.0549625,11.70425,18.37175,17.046825,8.34525,-2.10075,-11.785775
avg(8307),16.1285875,8.4291375,-3.6073625,-14.1169875,-20.2930875,-18.386825,-10.6983375,1.289475,11.839775,18.00965
avg(8308),-3.7672125,8.7381375,16.727925,17.9122,11.0177625,-0.16285,-12.62085,-20.6220125,-21.8297875,-14.8661875
avg(8309),-16.1363875,-19.9683625,-14.7597375,-4.455225,9.035175,17.8660625,21.71355,16.538175,6.219,-7.2776375
avg(8310),-15.7550125,-5.8612875,6.4346375,15.477,18.4899625,13.568625,3.5967125,-8.6549375,-17.6494625,-20.6836125
avg(8311),-6.1343625,-16.859425,-22.6299625,-19.1719875,-10.995425,2.24305,12.9870375,18.7480125,15.2681375,7.0981875
avg(8312),20.5731125,20.46945,13.0089375,-0.1007375,-11.2955625,-18.8612875,-18.6887,-11.269625,1.842925,13.0704
avg(8313),-13.2312625,-2.3814375,8.6759625,16.89945,16.8114625,10.90335,0.71675,-11.0774875,-18.61595,-19.04085
avg(8314),-6.589925,-14.828675,-17.140475,-14.668425,-4.8346875,6.1429125,14.480225,17.0851,13.91975,4.825475
avg(8315),18.8161625,16.4771375,7.8974125,-2.8786125,-13.0248,-18.4778,-16.9156625,-7.9455375,2.9658375,12.84025
avg(8316),3.7670125,13.1202625,18.7823625,14.721475,6.8525625,-6.3307,-15.5593625,-21.208525,-16.9429375,-9.2683125
avg(8317),-21.99255,-20.7137625,-13.7767625,-0.7050375,10.223625,18.2317625,16.8019125,9.768825,-3.29805,-14.2037375
avg(8318),15.0427,3.65395,-9.1192875,-17.4616875,-19.5359,-13.236825,-1.832775,11.0217,19.15445,21.44295
avg(8319),-7.7902625,-16.8520125,-21.1493875,-16.86985,-7.5542125,5.392075,14.3515375,18.8294125,14.562575,5.0962125
avg(8320),18.5964,16.34175,8.15965,-4.4375875,-15.7975125,-22.4918625,-20.126075,-12.1940375,0.5071875,11.921625
avg(8321),-12.0329375,-0.072325,12.3938125,19.9738,20.989475,13.759725,1.8293,-10.58025,-18.2391875,-19.1358
avg(8322),13.9364,20.0233,16.9188875,7.6114375,-6.071275,-16.7179,-22.815775,-19.556775,-10.3667375,3.34415
avg(8323),-18.444375,-10.3388875,1.8780875,13.6775375,21.24465,19.9177125,11.7197875,-0.5544,-12.2190875,-19.8319375
avg(8324),3.2104125,-10.7395625,-19.621125,-22.1701875,-16.328175,-4.8325375,9.2459875,18.022275,20.5803,14.7823
avg(8325),15.9379125,18.1431125,12.1386875,1.8952375,-10.3133625,-18.1253125,-20.4223625,-14.1974125,-4.207275,8.1729875
avg(8326),-18.250125,-9.229175,3.8263625,14.1792125,18.547875,14.4786375,5.3701,-7.67575,-18.0023,-22.5670125
avg(8327),-1.5938625,-12.829525,-19.0763125,-18.15105,-9.2612875,3.198875,14.641,20.6794,19.9809625,11.11735
avg(8328),-8.76095,4.38895,14.4037,18.8617625,14.7826125,6.4519,-6.6904375,-16.7004,-21.222,-17.1301625
avg(8329),-15.01775,-22.3498875,-21.124175,-13.508975,-0.2523375,11.1212375,18.4412125,17.2344,9.6893625,-3.6417375
avg(8330),21.9470875,14.818575,2.700075,-9.6638,-18.2092125,-20.2301625,-13.1079125,-0.9784,11.3859875,20.0208625
avg(8331),14.279925,0.173175,-10.49115,-20.937,-21.0734625,-15.80335,-4.4172125,9.3647875,16.5925,19.971
avg(8332),7.964725,17.60145,20.295475,17.9487625,5.4528,-6.1155,-16.474975,-19.7995125,-15.087475,-5.92545
avg(8333),-23.4592375,-19.0385625,-11.502425,1.057375,13.609125,19.9477875,19.307875,9.1000375,-2.529175,-15.032075
avg(8334),8.4414875,16.6001375,18.2605875,12.188425,1.0482125,-10.7928625,-18.9398625,-20.57365,-14.4762125,-3.38775
avg(8335),-23.2103,-18.294175,-8.6238,4.6428375,14.7993875,19.3311625,14.404825,4.6885625,-8.52715,-18.69885
avg(8336),11.4597875,-2.4970375,-13.8732625,-20.2763875,-18.253125,-9.725925,4.2351625,15.669175,22.0507625,20.045175
avg(8337),10.048775,17.63335,18.271575,9.2012375,-1.278625,-12.1588125,-19.6041125,-20.1727125,-11.1882875,-0.59035
avg(8338),-17.8859625,-12.6814375,-4.3241625,7.9989,16.456525,17.6144875,12.2319,3.9136875,-8.3697125,-16.8234125
avg(8339),7.1093625,-5.522425,-14.7713375,-18.47405,-16.6618875,-7.2730375,5.5002375,14.6629875,18.3867375,16.5015375
avg(8340),-7.4274875,5.7728375,14.077025,19.078625,13.9147125,5.10445,-8.12245,-16.464875,-21.3672875,-16.4134
avg(8341),-16.22445,-22.7897375,-19.971075,-11.9117125,0.741575,12.3938375,18.8115,16.2216375,7.98445,-4.5923875
avg(8342),21.1433875,13.30655,1.659225,-11.30045,-17.8201875,-19.520275,-11.5120125,-0.023825,12.9994125,19.69915
avg(8343),17.9164375,15.932025,10.1646625,-0.5862875,-11.522575,-19.9411,-17.855325,-12.22725,-1.4242,9.5074875
avg(8344),-14.0773875,-3.7078,7.553525,14.9836375,16.3616875,13.7656,3.3144,-7.88825,-15.3056375,-16.7008875
avg(8345),-4.459075,-13.2936375,-18.9989,-16.0338375,-6.725425,4.3661625,13.153725,18.9870625,15.924,6.607025
avg(8346),-5.0146,-14.3634375,-20.2906375,-18.0485125,-8.4257625,2.92435,12.420625,18.249225,15.9181,6.6473875
avg(8347),17.5162375,16.03065,10.294425,0.04275,-10.6047375,-17.8014375,-16.728275,-10.4167875,-0.3716125,10.1693625
avg(8348),-14.1834875,-3.3858,8.251975,16.6549625,17.99445,14.11335,3.61665,-8.51265,-16.59285,-18.2026125
avg(8349),-3.7670625,-13.8326375,-19.5459375,-18.6582,-8.884675,1.6203875,11.78245,17.6648875,16.5177375,7.1342875
avg(8350),17.1340375,16.5702375,10.4596625,1.3058375,-10.1530125,-17.1663,-17.2131125,-10.730175,-1.7455875,9.8072125
avg(8351),-14.8261125,-4.31605,7.4997,15.9807625,17.9316125,14.58185,4.5738625,-7.72255,-15.7792,-18.21885
avg(8352),15.0490875,19.3826875,16.82715,6.935825,-5.982725,-15.0968875,-19.387175,-16.8752625,-6.9112,5.96945
avg(8353),2.032125,-9.6859375,-18.4322125,-19.4443625,-15.152625,-4.933925,6.744075,15.5093875,16.4701125,12.18685
avg(8354),-20.356725,-12.7517875,-1.16015,9.8863125,18.6353875,17.47915,9.8151875,-1.744425,-12.8339375,-21.4788375
avg(8355),-11.734275,-19.1836125,-19.9190625,-13.09945,-1.7105125,9.6885875,17.0911125,17.7805625,11.0102625,-0.4837125
avg(8356),18.9870125,13.0954125,3.1571125,-9.9295375,-19.3098125,-22.8512375,-16.9267,-6.9917125,6.043225,15.4659125
avg(8357),-7.9037,5.7803375,16.2251375,21.5885625,18.425575,9.6090375,-4.082025,-14.483275,-19.8035625,-16.614575
avg(8358),-23.301775,-19.809575,-9.819375,3.46875,14.5213125,20.42825,17.0636,7.340975,-6.3899125,-17.12675
avg(8359),12.0400875,-0.0074125,-12.0344125,-19.2998,-18.8214125,-10.452125,1.3043625,13.4311875,20.83365,20.021925
avg(8360),9.3823375,18.3110375,20.81465,15.0628,3.6560875,-10.985975,-19.7662875,-22.6035875,-16.51915,-5.1245
avg(8361),-14.2649375,-1.74455,9.9616375,18.4273,18.160075,11.5347375,-0.9620125,-12.6963125,-21.214125,-20.8675375
avg(8362),-8.7229375,-16.964,-19.6226,-14.0182125,-3.1518,10.063175,18.346225,20.9374875,15.4347875,4.4589
avg(8363),21.14305,17.1021875,8.4280375,-5.5075625,-15.9739125,-22.76935,-18.7314625,-9.94605,3.953,14.4476625
avg(8364),5.9991375,14.5843625,18.783225,13.56905,4.5668625,-8.4139875,-16.965525,-21.01005,-15.83095,-6.7229
avg(8365),-22.7937875,-19.4139,-12.017625,1.634575,11.8791125,18.91845,15.501625,7.969325,-5.6198875,-15.850725
avg(8366),13.56355,0.9471,-10.7184,-18.4231,-18.703025,-11.730475,0.9283,12.5594625,20.2625125,20.41375
avg(8367),-19.4749875,-19.1777375,-12.8556125,-1.6073875,10.40785,17.243625,17.0878125,10.748175,-0.6258125,-12.5737375
avg(8368),13.0427625,2.4348125,-10.844175,-18.9404125,-22.7267375,-16.8665875,-6.390875,6.960025,15.1215625,18.8640125
avg(8369),6.1186625,16.1104625,22.1993875,17.8609125,8.6293125,-4.4009125,-14.3840875,-20.4583625,-16.1131875,-6.8673375
avg(8370),-21.294875,-15.707,-6.3988375,6.700075,14.6124125,18.952125,13.2687875,3.9635375,-9.1263,-17.007
avg(8371),6.759775,-6.4647625,-17.0913625,-23.3421875,-19.2669,-10.738975,2.5976125,13.278875,19.4719375,15.4437625
avg(8372),13.822025,19.9972875,19.9520125,12.1925875,0.07805,-12.0690625,-18.229425,-18.2304,-10.41225,1.6178
avg(8373),1.7633375,-11.5136625,-20.57645,-22.0891625,-16.6058625,-4.5681375,8.91095,17.7598375,19.3755375,13.9534875
avg(8374),17.1436,21.8909375,16.9861,6.98755,-7.1546,-15.6503125,-20.6877,-15.285225,-5.6483125,8.6514625
avg(8375),-19.997925,-12.073825,1.50885,12.788075,21.5969875,18.43695,10.6168125,-3.2647875,-14.25595,-23.3337625
avg(8376),-5.334825,-15.54725,-20.9670375,-17.5952,-9.470675,3.1926125,13.36345,18.8401375,15.4089,7.2623625
avg(8377),17.6928125,17.6701125,9.869375,-2.0226125,-14.399975,-21.5608,-21.57705,-13.827475,-1.8816,10.5818
avg(8378),-13.7271,-2.604275,10.83575,18.7756875,22.07105,15.3646375,4.375,-9.0785375,-16.985525,-20.3087875
avg(8379),-19.36935,-16.574725,-7.1608625,5.18085,14.4085,17.3223,14.6007875,5.1301625,-7.1394875,-16.430975
avg(8380),8.262675,-2.5004625,-11.7547875,-17.669625,-16.51775,-8.5820125,2.08745,11.4094875,17.3173625,16.2119625
avg(8381),9.432675,17.6424125,17.7207875,11.62295,1.420075,-9.50935,-17.66915,-17.7320875,-11.745125,-1.4817625
avg(8382),13.774175,2.5540875,-8.2642375,-17.655225,-19.377875,-15.5421,-4.7193125,6.2464,15.8123875,17.4268875
avg(8383),3.5051875,12.999575,17.251975,15.3077,6.9347875,-3.9458625,-13.2318375,-17.5766375,-15.800925,-6.9948
avg(8384),-18.5754125,-17.2430375,-10.92745,0.4493875,10.8841375,18.275,17.152275,10.75295,-0.5246,-11.3306875
avg(8385),12.365025,18.634375,17.9641125,7.2391125,-4.314275,-14.5831375,-20.4227625,-19.94695,-9.4948625,2.5074375
avg(8386),-18.055375,-11.5724125,-1.6022875,9.75395,18.40385,18.1023125,10.8706375,1.4511125,-10.177675,-18.82805
avg(8387),4.9950625,-7.91485,-17.6661375,-18.76695,-16.023525,-5.3282875,7.9895125,17.385425,19.0520375,15.8436875
avg(8388),4.2500125,15.0440625,20.778375,17.4601875,7.026475,-6.9722875,-17.7489125,-23.5575875,-20.1589875,-9.790625
avg(8389),-20.3169,-19.06415,-10.0902375,2.1192,14.5615125,21.7638625,20.464425,11.5990625,-0.727375,-13.0964375
avg(8390),14.485125,2.9453125,-11.5305375,-20.2821625,-22.5057,-16.1027375,-4.5424125,9.929975,18.6851375,20.9342125
avg(8391),-5.8897,5.792075,13.7216625,18.0967375,13.617725,3.9911,-7.8986625,-15.6428125,-20.0430125,-15.5321125
avg(8392),-11.8519375,-18.2529375,-15.2415,-8.3043125,2.42895,11.6246125,18.026575,14.856925,8.0719375,-2.8483875
avg(8393),17.1258375,11.937375,0.80025,-10.8651875,-17.655975,-17.46555,-12.1096375,-0.9232375,10.60295,17.5700375
avg(8394),9.36165,-5.29865,-16.18505,-23.78665,-20.6088125,-12.056875,2.7457875,13.5578875,21.0636375,17.8592125
avg(8395),12.6303875,21.0675875,21.0996375,13.6613125,1.0859125,-11.2565625,-19.686675,-19.6372375,-12.1484875,0.433075
avg(8396),-23.7919,-17.6933,-6.9614625,8.4342375,18.1210875,22.230625,16.0192,5.25625,-10.0622375,-19.7686625
avg(8397),-8.67345,4.2338125,13.2318875,21.1265875,17.2255,8.73515,-4.171825,-13.20165,-21.1055375,-17.3277
avg(8398),18.787125,16.1911625,4.611175,-8.6628125,-18.6106125,-21.874225,-19.21455,-7.60575,5.6900625,15.6921875
avg(8399),-11.3265625,-21.3107625,-19.060475,-14.909125,-2.300675,8.4340125,18.3909,16.2373875,12.0032,-0.5157125
avg(8400),13.8562375,2.2874875,-10.8274375,-19.618,-21.8385375,-16.5446625,-5.0312875,8.098075,16.8213375,19.13575
avg(8401),7.1301375,16.6690875,21.5902375,17.119575,7.525925,-5.881675,-15.374975,-20.3090875,-15.790575,-6.28685
avg(8402),-22.129125,-20.3111375,-12.46325,0.5721,12.2986625,20.5072875,18.743975,10.904525,-2.138025,-13.8653875
avg(8403),4.02425,-7.7740625,-15.805275,-18.3094,-14.739125,-4.1223875,7.6964875,15.7729625,18.29545,14.6738375
avg(8404),-16.782075,-13.16225,-1.9295875,7.3850625,15.6567375,13.79075,10.2389125,-0.987625,-10.288525,-18.573125
avg(8405),10.502125,18.4155625,14.5573125,7.282725,-4.8916125,-13.401025,-21.2750375,-17.47125,-10.255825,1.984875
avg(8406),16.805375,7.1213125,-5.7072125,-16.371075,-22.26015,-19.4996375,-9.9754375,2.929025,13.633025,19.509225
avg(8407),1.7242875,13.6330625,20.3911125,19.6577625,11.3120875,-0.2868875,-12.1623875,-18.9372125,-18.2699875,-9.9193875
avg(8408),-19.396125,-21.7371375,-15.96965,-4.962775,9.05675,17.7165,20.2020625,14.4148125,3.4885875,-10.5551
avg(8409),-20.73845,-17.9239125,-10.193725,2.5604875,13.0302625,18.548575,15.8266625,7.987125,-4.7604125,-15.183
avg(8410),10.492775,-1.505475,-13.561925,-21.1973,-21.76025,-14.4051,-2.4653625,9.7076625,17.3149125,17.94195
avg(8411),9.8909125,18.687375,22.111425,15.8661,5.0742,-8.1195375,-16.9569125,-20.3111375,-14.084325,-3.38535
avg(8412),-19.619875,-16.460025,-4.971775,4.9610625,14.8187375,17.2806375,14.909475,2.675,-7.6826875,-15.8642375
avg(8413),8.297875,-2.722125,-11.660975,-18.928725,-15.4677125,-8.0721625,2.34495,12.196925,18.2996375,13.9162375
avg(8414),9.7063625,18.054725,15.8011875,13.3653875,0.06355,-10.058275,-18.6073125,-16.58195,-12.4573875,0.2520875
avg(8415),15.198675,7.9696625,-5.401425,-15.120775,-21.31895,-17.5051125,-10.293275,3.08665,12.8093125,18.96915
avg(8416),-1.751825,9.5008625,17.9593,17.4065875,10.6989375,-2.2736,-13.4411,-21.8142375,-21.2456125,-14.511525
avg(8417),-17.04695,-20.100225,-14.0421,-2.91605,10.2642375,18.855025,21.90265,15.6936875,4.586325,-8.585125
avg(8418),-22.0783375,-19.8712875,-11.0626,1.2462375,12.5440125,19.301375,17.15055,8.4094125,-3.9635625,-15.221
avg(8419),13.275225,1.9164,-10.5056125,-17.7818625,-18.4497875,-11.81415,-0.5138125,11.8654625,19.2327375,19.846625
avg(8420),6.96185,16.5633875,20.703175,15.9763375,5.3289375,-8.5409375,-18.1483125,-22.2765,-17.54315,-6.907275
avg(8421),-0.4839125,10.4061875,18.0322625,16.2110375,9.52745,-1.4747875,-12.3726375,-20.0035625,-18.177025,-11.420975
avg(8422),-15.8713,-17.41125,-13.1183875,-3.485125,8.3896625,15.605425,16.9991125,12.9158625,3.135225,-8.6287125
avg(8423),15.744,6.4055,-5.7648375,-14.0940625,-19.5802125,-15.9380875,-6.482475,5.5724,14.0242875,19.3830625
avg(8424),5.5600375,11.462925,20.00045,12.1567625,7.5270625,-7.6961125,-14.3401375,-20.7332875,-16.903125,-8.0594875
avg(8425),-25.2632,-21.0254625,-14.18775,3.15535,11.88555,23.1273875,16.0292625,10.1601,-6.012575,-16.9622
avg(8426),10.2856375,0.1522375,-12.8690375,-17.7290875,-17.5678875,-10.59495,3.2489625,13.0359625,20.9634125,18.6514375
avg(8427),-2.1249375,9.018425,17.1582875,17.44225,11.4198375,-0.2147,-11.281425,-19.4262,-19.7136375,-13.6171125
avg(8428),-19.0347375,-22.5405625,-17.30035,-7.5751875,5.7603625,15.138425,18.626225,13.500825,3.689575,-9.6847625
avg(8429),18.4447625,9.87765,-3.9332125,-13.60715,-20.0431125,-16.6791375,-8.0863875,5.560275,15.36575,21.8218375
avg(8430),-12.535775,-19.986825,-19.9418125,-13.6034625,-1.2916125,10.1663375,17.5684875,17.493625,11.3469625,-1.1213625
avg(8431),20.002125,13.1990875,2.2363625,-11.2771125,-20.1300375,-23.9123875,-17.1445375,-6.028825,7.2887375,16.3880375
avg(8432),-7.226125,6.9708625,16.829125,22.448,17.489675,8.9733625,-5.1193125,-15.10855,-20.6620875,-15.8686
avg(8433),-0.6945625,-12.4722125,-19.494775,-19.1281375,-11.567425,-1.3629875,10.41035,17.4957,17.148275,9.587475
avg(8434),15.79675,17.7805625,13.4268875,4.1596625,-8.4283,-16.1537,-18.149575,-13.84635,-4.5526125,8.0294375
avg(8435),-16.66595,-7.093125,4.75385,14.0086125,18.9348125,16.60375,7.0254125,-4.7556125,-14.06415,-18.95855
avg(8436),-8.6365125,4.6090625,14.4078375,19.5783875,15.2945625,6.5864625,-6.871725,-16.577425,-21.8833,-17.5425125
avg(8437),-15.342025,-23.158225,-21.1782375,-13.8425875,-0.2070625,11.472875,19.168825,17.3812625,9.9995375,-3.5891
avg(8438),22.438825,15.6050625,2.8099,-10.1380625,-18.925275,-20.921,-13.73855,-1.2344125,11.912725,20.6038125
avg(8439),-5.265775,-17.051325,-22.98115,-20.8310625,-10.8968625,3.60675,13.1034625,21.9893625,16.198075,9.2183375
avg(8440),22.112475,20.765575,11.6278375,0.62395,-13.12375,-19.9039125,-19.368275,-11.24875,2.1345625,13.0693875
avg(8441),-18.0725375,-5.51755,9.2200625,17.8347875,21.864975,14.5037,5.2413375,-11.579575,-18.7778125,-23.019175
avg(8442),18.3399125,17.5389625,8.84795,-3.1096625,-13.772175,-20.773625,-19.0482875,-11.0527,1.3140875,11.782275
avg(8443),-12.4528,-2.6462,9.267175,16.8263375,18.1685375,12.1310375,1.9281125,-9.385025,-17.6000125,-18.05225
avg(8444),-6.7698625,-16.2337375,-19.8701375,-15.6799375,-6.2921875,7.0781375,16.040675,19.7988875,15.8450125,5.7252625
avg(8445),16.1471625,6.559725,-4.8908875,-15.1637125,-19.6875,-18.2953375,-8.718475,3.0093,12.767025,18.031325
avg(8446),-0.1651,10.1198375,17.888075,16.885825,10.2534875,-0.0994125,-10.482625,-18.11215,-16.960125,-11.1163375
avg(8447),-17.434825,-18.35925,-14.808,-3.325725,8.091125,17.420375,18.47585,14.4511625,3.3471625,-7.9459875
avg(8448),-13.7726,-20.180625,-18.7321625,-11.7933375,0.254975,11.5685125,17.8024375,16.4870125,9.46405,-2.613025
avg(8449),18.55095,11.73935,0.684625,-12.1357375,-19.7687125,-22.4633375,-15.5493625,-4.579325,8.2325375,16.0076
avg(8450),-5.595425,8.024875,17.25885,22.3432,16.7510125,7.23715,-6.2889,-15.5723,-20.486075,-15.0790375
avg(8451),12.667125,0.8562375,-11.905975,-20.665525,-21.29635,-15.4410125,-3.598475,9.27935,17.895225,18.65625
avg(8452),8.8317875,17.1218875,21.3249625,16.242675,6.0772,-7.36935,-15.7418125,-19.977825,-14.7651,-4.6444
avg(8453),-22.6717875,-19.484525,-11.353725,2.349225,13.1355,21.0598875,17.997225,9.7531875,-3.9246875,-14.7944625
avg(8454),-19.8381,-13.284625,-1.8783625,9.6640625,17.8411875,18.08605,11.0514875,-0.1182125,-11.7617625,-19.9637875
avg(8455),4.8518,-7.2939,-16.0577875,-18.6976125,-14.7263,-5.241125,6.943175,15.8197375,18.2574,14.5037875
avg(8456),14.0025375,19.9992125,17.4667375,8.416075,-3.9071875,-14.2591125,-19.8024375,-17.598,-8.3209375,3.905475
avg(8457),-12.5193625,-19.0963375,-19.460725,-11.36835,-0.7985125,12.526325,19.08635,19.3771625,11.3880375,0.6898375
avg(8458),-9.6623875,1.1893625,10.4249,16.6801625,14.428175,6.6791625,-4.1699875,-13.3366875,-19.70115,-17.278875
avg(8459),18.4521375,13.1033375,4.036625,-10.0197625,-17.1964125,-21.305225,-15.985275,-6.894825,7.12725,14.2622
avg(8460),-18.8981125,-14.660675,-4.304125,7.806525,15.9255625,18.849525,14.7359375,4.2802,-7.783025,-15.899675
avg(8461),7.4222125,15.45795,14.27925,10.5016625,-0.869375,-10.3499625,-18.4414125,-17.2348625,-13.48715,-2.0955
avg(8462),7.7150375,-4.738775,-13.6078875,-21.41495,-17.465775,-10.6105,1.794525,10.695425,18.578575,14.595175
avg(8463),11.869175,-0.3068,-13.0476125,-21.43845,-21.87855,-14.5864875,-2.4823125,10.34095,18.6675,19.1857875
avg(8464),9.9743375,18.6256375,21.385725,16.0629875,4.847725,-8.533875,-17.170075,-20.0258625,-14.5516,-3.4972125
avg(8465),-22.6701375,-19.3318875,-9.7643625,3.5851375,14.9713875,21.0262,17.79355,8.2598,-5.2009,-16.4907625
avg(8466),16.023125,5.473725,-8.5301625,-18.326375,-22.7979375,-18.6999125,-8.234,5.8146,15.5559875,20.0880125
avg(8467),4.4148125,15.0616875,22.026775,19.0870625,9.9941875,-3.08495,-13.6002125,-20.6295875,-17.6235375,-8.5941125
avg(8468),-21.3329,-21.529975,-14.8337625,-2.4666625,10.9255875,19.74245,19.9432,13.278675,0.8816,-12.4902
avg(8469),17.941125,11.2440125,0.5830875,-11.4815125,-20.39075,-20.3795,-12.871875,-2.7047375,9.1644875,18.7046
avg(8470),-5.818825,7.1751875,16.1305625,17.5763125,14.8757125,5.7568875,-7.7898125,-16.2984125,-17.9294875,-15.556875
avg(8471),-13.19155,-20.0168875,-18.59695,-8.3030125,3.4516625,13.235675,19.844675,18.5144875,8.489425,-3.482475
avg(8472),17.1653,13.3687125,3.6604125,-8.5597125,-17.1777625,-19.0220375,-15.4530875,-5.6489,6.62795,15.0810375
avg(8473),-7.3372125,3.4716875,12.0612375,17.279575,15.493525,6.8320125,-3.8312875,-12.54995,-17.5161125,-15.9048625
avg(8474),-10.685225,-18.0263125,-17.2267,-10.5589375,-0.1536,10.5845625,18.017125,17.288475,10.2456125,0.2609875
avg(8475),-17.913525,-10.9882,2.00355,12.0504375,18.772,15.5999625,8.811075,-4.25615,-14.22065,-21.0472375
avg(8476),-1.2845,-12.6817625,-21.2462625,-21.581575,-15.304,-2.6507,8.7096125,17.4332125,17.5909375,11.5207625
avg(8477),18.355725,21.87635,16.2113,5.6332,-7.66015,-16.5512875,-20.129275,-14.582725,-3.8549,9.3111
avg(8478),17.096325,16.96295,12.83165,2.2806375,-9.3956,-17.1096375,-17.0992125,-12.75945,-2.3010125,9.385025
avg(8479),-3.0980125,-12.1030875,-18.9678875,-16.628025,-9.737125,0.115025,9.178475,15.978975,13.6496375,6.787275
avg(8480),-17.6368625,-7.56285,4.462125,12.9653375,17.548075,14.7311625,4.72395,-7.444725,-15.88515,-20.389625
avg(8481),-10.3252375,-19.5747,-20.3793125,-16.4949125,-5.2183375,8.431475,17.548425,18.451075,14.3969625,3.1605125
avg(8482),19.2513875,17.128375,6.9041375,-5.53205,-14.2927375,-19.6720125,-17.390125,-7.297475,5.26565,13.9517875
avg(8483),-11.013025,0.64465,12.2134375,21.268175,19.056675,10.8484875,-0.7789875,-12.33815,-21.2743375,-19.0070875
avg(8484),-22.88815,-19.01455,-8.563675,5.2653625,15.15335,20.1371,16.3308,5.81475,-7.9632625,-17.886275
avg(8485),10.348975,-2.418975,-13.2512375,-20.5169625,-17.74415,-8.92705,3.828875,14.7027875,21.9404375,19.1946625
avg(8486),10.6065,19.3933625,19.95805,13.793075,1.5008,-12.145225,-21.0024375,-21.49405,-15.329825,-3.07785
avg(8487),8.3731625,-2.9822625,-12.991725,-19.2484375,-17.4723625,-8.3548875,2.924075,13.0356375,19.2439,17.4223875
avg(8488),-19.624325,-16.502125,-6.9066625,5.3356375,13.5405,16.6095625,13.584225,3.9544625,-8.2175375,-16.448825
avg(8489),8.5707875,17.0514125,17.5449,11.362775,1.1420125,-11.503,-19.960375,-20.407925,-14.3174,-4.023525
avg(8490),-8.1247,-16.4207375,-22.098325,-16.225575,-8.316525,5.523775,14.3805875,19.2404625,14.8052375,5.7249125
avg(8491),18.7939375,16.5660875,8.8425625,-4.718475,-15.560075,-23.029125,-20.4248,-12.502575,0.2826875,11.9937875
avg(8492),-11.7505875,-0.6867,12.837325,19.735525,21.634575,14.1833875,2.1532125,-10.7140875,-18.28725,-19.822325
avg(8493),-11.5330375,-18.534575,-21.9119875,-14.758675,-4.616575,9.1318375,16.1082375,19.4916875,12.4548875,2.228475
avg(8494),20.63385,14.5916,5.1449375,-9.296825,-19.1326375,-24.6116125,-18.5151875,-9.0766875,5.3629,15.2717875
avg(8495),-8.96755,3.8615875,15.679775,21.40465,19.8544375,10.7626375,-2.0790875,-13.90035,-19.667875,-18.1382
avg(8496),14.2926625,2.2611375,-8.9957875,-17.201925,-17.58645,-12.4336375,-3.997225,10.45155,15.6032875,18.95755
avg(8497),-19.41015,-16.6155875,-10.5140625,-1.6624625,9.45535,14.6299625,15.3112375,7.1162125,-1.678025,-11.9003875
avg(8498),3.2281875,12.081325,16.7878875,15.6695875,4.39285,-6.07445,-15.1111375,-20.6304,-16.4883625,-9.1791625
avg(8499),0.84425,11.5133125,17.9217375,16.883825,8.337075,-2.9840125,-13.5611625,-19.9741625,-18.79715,-10.245725
avg(8500),-17.06335,-17.77855,-12.0457375,-2.3464625,9.0604125,16.79465,17.34065,11.6331625,1.90765,-9.4499375
avg(8501),15.29785,5.4619125,-6.7142625,-15.6568125,-18.779425,-15.3437875,-5.4433625,6.7791375,15.6159,18.6624125
avg(8502),15.596925,5.573625,-8.524125,-17.579975,-22.720225,-18.3079875,-8.3300625,5.82115,14.861425,19.986625
avg(8503),4.210375,14.8607625,21.642825,18.519125,9.941075,-2.8380625,-13.3899125,-20.2350125,-17.0894375,-8.49605
avg(8504),-20.64255,-21.4894625,-14.520975,-2.7629875,10.8346375,19.0449125,19.926275,12.9793625,1.1898125,-12.3739
avg(8505),-11.5965375,1.630225,10.94225,19.0934125,15.2774875,8.776475,-2.932725,-14.1295875,-19.8725875,-18.962025
avg(8506),-13.027025,-20.1590125,-21.1839625,-15.9461375,-3.2869375,8.165275,17.1321625,17.2476125,11.3391375,0.359
avg(8507),22.90865,15.58665,6.5021375,-7.20595,-15.5350875,-19.536475,-15.68185,-3.6783,8.1901125,17.8701875
avg(8508),-7.07025,-16.838575,-18.8523625,-16.0654125,-6.93495,5.407725,14.535375,17.0134125,14.1179375,4.7814375
avg(8509),17.2262625,16.1887875,8.0298625,-2.9275,-11.93425,-17.5460375,-16.3393,-8.528675,2.4871125,11.499025
avg(8510),-11.813725,-0.9474,9.4792625,17.863625,17.9340125,11.35385,1.0031875,-9.539075,-17.8563375,-17.7566375
avg(8511),11.964625,1.2593375,-9.8126875,-18.1011875,-19.057325,-13.957975,-3.3976875,7.9881125,15.9158875,17.4116375
avg(8512),5.2818625,13.6953625,17.18995,14.13135,5.3445,-5.434425,-14.1063375,-17.408875,-14.304825,-5.87575
avg(8513),-18.4788625,-16.62325,-9.3582625,2.013025,12.0653375,18.08995,16.654875,8.9022375,-2.1061625,-12.3255625
avg(8514),19.3523875,19.6353375,10.008825,-1.746875,-13.1649125,-21.3627625,-21.634,-12.01135,-0.2932125,11.2098875
avg(8515),-14.0949625,-4.1161875,8.3680875,18.2459875,19.0469375,13.5954,3.994875,-8.9060875,-18.40685,-19.4424
avg(8516),-5.8769875,-16.583725,-20.04945,-18.4187125,-7.907225,5.87345,16.1989375,20.07935,18.14435,7.7286625
avg(8517),17.7726125,16.958425,10.527675,-1.4669,-12.054725,-20.1042,-19.2267375,-12.855275,-0.8633875,9.72745
avg(8518),-16.67215,-6.1470875,6.684875,16.00795,18.47305,12.8363,2.24105,-10.5302,-19.8758875,-22.2853625
avg(8519),-5.209475,-14.5606125,-20.0681,-16.2745125,-7.2011125,6.907475,16.257375,21.8666875,18.0229625,8.9334125
avg(8520),9.973825,18.8722375,19.2832375,12.6085125,0.530375,-12.67985,-21.6391125,-22.0114,-15.290125,-3.2271375
avg(8521),-20.4180875,-15.385775,-4.1654875,9.7549875,18.341775,21.8172375,16.866225,5.5675125,-8.339125,-16.9094875
avg(8522),8.8914,-4.581675,-15.8473625,-23.0914,-19.7689375,-10.46655,3.00315,14.296525,21.4852625,18.2112375
avg(8523),9.5441125,18.3634,16.9512375,10.4956625,-0.385,-11.591425,-20.4246875,-18.8473875,-12.5113125,-1.6354625
avg(8524),-17.2733625,-14.4693625,-4.268675,7.6740875,15.6684625,16.9785875,14.0589375,3.87865,-8.0312875,-16.06415
avg(8525),7.206025,-4.4123625,-13.6141375,-19.3614,-16.86465,-7.3501875,4.4698375,13.4996375,19.3381375,16.9140625
avg(8526),10.6951375,17.593,16.40155,9.796075,-2.43025,-12.9714625,-20.210975,-18.5717875,-12.3462,0.0535375
avg(8527),-22.04975,-15.970475,-5.0056875,7.55665,15.933375,18.2303625,12.242475,0.9436625,-11.294225,-19.9503375
avg(8528),7.6064,-5.8116375,-15.214275,-20.217525,-15.22775,-6.0133875,7.63245,16.91085,22.0415875,17.0847375
avg(8529),-18.4586625,-11.014675,1.8905625,12.5672,19.51965,16.04755,8.57215,-4.380275,-14.9638375,-21.9271375
avg(8530),-1.1836125,-14.0046875,-21.1725125,-21.6342375,-15.1122125,-2.7315375,10.1805,17.3171,17.77045,11.1975125
avg(8531),18.0839875,22.45645,15.864725,5.225075,-8.2113625,-16.35335,-20.7318375,-14.1009375,-3.4714375,9.9899875
avg(8532),-12.3770125,-1.80375,11.3572375,18.6041375,19.1004625,12.303725,1.6710625,-11.375175,-18.6868375,-19.102875
avg(8533),16.607375,15.9021625,8.91245,-1.7305125,-12.2150375,-19.6595375,-18.881775,-11.76245,-1.1823625,9.3323625
avg(8534),-6.975225,-14.958175,-19.84085,-16.73835,-8.2352875,4.1446625,12.0944125,16.9087125,13.8550625,5.273925
avg(8535),-7.176125,6.14925,15.2658875,19.479025,14.91565,4.4997,-8.7884625,-17.9341375,-22.2815375,-17.680425
avg(8536),-13.1629625,-19.57415,-16.81555,-8.13595,4.10085,14.5526625,20.9477,18.282125,9.6198875,-2.6210375
avg(8537),19.56855,12.8537,0.810275,-12.6129375,-20.7485875,-21.1821625,-14.4544,-2.516425,11.046675,19.13375
avg(8538),5.543325,15.7471375,18.2940125,15.73695,4.4889875,-8.7331375,-17.8022625,-22.7330375,-16.59065,-8.56095
avg(8539),-20.1022,-16.5225875,-7.3498375,4.0410125,15.19975,20.3517375,18.69845,9.166775,-3.6496,-12.7574875
avg(8540),13.5521875,-0.08105,-11.824325,-20.914025,-21.1672625,-13.426875,-3.0551125,11.6807,18.41435,19.9466125
avg(8541),-8.70105,-17.4872875,-20.7093625,-16.1216125,-5.99855,6.2998125,15.1523625,18.406075,13.828125,3.8250875
avg(8542),19.2405,15.432375,7.4873625,-5.876875,-16.3407625,-23.08705,-19.41245,-11.403475,1.8845625,12.387275
avg(8543),-11.654275,1.683825,12.8638125,20.876975,20.07255,13.42665,0.160725,-11.111825,-19.000225,-18.401925
avg(8544),0.54395,-12.2413125,-21.3987375,-21.470325,-15.2772125,-3.4008125,9.5097625,18.6182875,18.8858,12.4727125
avg(8545),17.831825,21.2572875,16.114775,5.5781625,-8.2493875,-16.4686375,-19.690425,-14.7539,-4.265475,9.6863375
avg(8546),-19.62425,-10.8568875,3.107725,13.4839,21.4107,18.2505,9.13565,-4.53225,-15.1091,-22.907775
avg(8547),13.485775,19.773275,16.3466875,7.3220875,-5.808225,-16.21415,-22.5037125,-19.1209625,-10.0473,3.044225
avg(8548),-17.8204625,-10.446575,1.0285125,12.868925,19.7763375,19.28775,11.888675,0.4232125,-11.4193125,-18.3342
avg(8549),4.1840375,-10.2836,-19.02515,-22.613475,-16.7471875,-5.8246875,8.6621125,17.4481625,21.026325,15.212775
avg(8550),-13.229125,-0.8670375,11.2185375,19.318675,18.4585875,10.603125,-1.8222125,-13.90935,-22.0490375,-21.244
avg(8551),-9.246275,-17.24155,-19.5230375,-13.517125,-2.6078375,10.6042125,18.722025,20.8840375,15.0534375,4.0840125
avg(8552),21.65195,17.653275,7.8934875,-6.6585,-17.2245875,-23.2759875,-19.2915125,-9.4243125,4.9970625,15.6742625
avg(8553),19.4504375,15.218425,5.4354625,-7.16225,-15.43865,-19.4247375,-15.2508625,-5.4232375,7.175125,15.4272875
avg(8554),-9.287425,-16.90485,-17.8775625,-13.9007625,-4.3050125,6.3448375,13.9552375,14.9055,10.9428125,1.38205
avg(8555),-10.8208375,0.2129625,9.497675,16.7206625,14.594,7.849275,-3.094875,-12.4431125,-19.5638375,-17.448175
avg(8556),15.5909125,6.2526,-4.899225,-14.67165,-19.01795,-17.6008875,-8.4313,3.0548875,12.395225,17.2539375
avg(8557),0.0097,10.070225,17.1048,16.6594125,9.6023,-0.340475,-10.4508125,-17.3871375,-16.8659625,-10.206075
avg(8558),-16.844275,-17.6763125,-13.639525,-3.359575,8.076325,16.75645,17.8240875,13.328625,3.4243625,-8.065675
avg(8559),-4.36975,8.4016375,15.007575,18.276175,13.9200375,4.2931875,-8.4051,-15.043425,-18.26445,-13.8580125
avg(8560),14.1445,9.1935,-0.4611,-10.9196875,-17.7122375,-17.0652,-12.1621,-2.4612375,8.0039125,14.7245
avg(8561),-13.47435,-20.7965875,-17.176225,-9.5185375,1.8232625,10.5330125,17.9709875,14.3076125,6.582975,-4.7459375
avg(8562),-20.879225,-17.3926375,-9.0984375,3.97955,13.2460125,18.5009125,15.0645625,6.77325,-6.2779125,-15.606075
avg(8563),9.5287125,-2.9814625,-14.0365875,-22.286225,-20.651125,-13.4497375,-1.0147875,10.2335375,18.2153875,16.9477125
avg(8564),10.9499125,19.3822125,21.1875625,15.1976,3.525525,-9.1632,-17.5624375,-19.5266,-13.3478,-1.953975
avg(8565),-8.1235125,3.7988125,12.5473125,19.6081125,16.4,8.1109125,-3.759125,-12.512225,-19.6436125,-16.433475
avg(8566),15.3579875,12.6251875,3.0919375,-7.8958125,-15.6845625,-18.3464,-15.660075,-6.08345,4.9487,12.712425
avg(8567),-11.2804625,-19.9095,-18.3150125,-13.8277875,-2.5796625,8.3329125,17.010425,15.4567,10.9286375,-0.272025
avg(8568),-13.8718375,-19.7851,-18.24155,-9.3499375,1.721725,11.8557375,17.8156875,16.2737625,7.3389375,-3.7321375
avg(8569),17.267375,10.96125,1.6609875,-10.1464375,-17.0596125,-17.63185,-11.3018125,-2.0056625,9.784775,16.7588375
avg(8570),-5.0393375,7.485225,15.5705875,18.5404125,14.5102125,4.9338875,-7.5917375,-15.6667375,-18.580475,-14.6232375
avg(8571),2.0848625,-10.477225,-18.9587625,-20.7665625,-15.1953875,-4.151475,8.390725,17.1171375,18.2674375,13.8493625
avg(8572),14.9104625,18.9573625,15.9956375,6.58745,-5.7951125,-14.890675,-19.643825,-16.2297625,-6.8766125,5.1836875
avg(8573),-18.7132625,-10.342475,1.30005,12.8200875,20.0762125,18.325625,10.5993,-1.6054,-12.4909625,-20.42815
avg(8574),-2.802925,-14.0742875,-22.432025,-20.2759,-12.07265,0.143375,11.360225,19.74305,17.504525,9.3652875
avg(8575),19.854,19.6869375,13.865175,2.3137875,-10.2888625,-18.4195125,-18.292825,-12.3715875,-0.8212375,11.7438875
avg(8576),-18.6606,-7.6623375,6.41715,15.7469625,20.573125,17.010225,6.1360125,-8.075425,-17.3342625,-22.1718375
avg(8577),19.0967875,15.369075,6.814175,-4.803375,-13.24405,-19.1070875,-15.5105375,-6.836025,4.7720125,13.2924625
avg(8578),-8.282475,-16.71165,-17.3893,-15.3253875,-4.3305375,5.3538,13.82365,14.4304,12.35135,1.367275
avg(8579),-13.2352125,-0.7830625,8.3536125,17.671475,14.471675,10.23515,-2.115625,-11.2961875,-20.546925,-17.3820625
avg(8580),14.7885125,4.9037125,-7.65685,-14.677375,-18.2413875,-14.831925,-5.0731375,7.5403625,14.584575,18.2768375
avg(8581),-17.90535,-17.31615,-12.27695,-2.8031125,7.9489875,14.8511375,14.3697875,9.39755,-0.03165,-10.8647
avg(8582),1.211625,10.9229,18.3980125,15.374,7.2313125,-4.010175,-13.7819875,-21.2587125,-18.31245,-10.2180125
avg(8583),12.0220875,2.1880875,-10.187225,-17.868425,-18.6682,-14.198575,-4.0927875,7.9803875,15.905375,16.6603375
avg(8584),5.4555625,13.603825,17.3596875,14.8996375,5.436225,-5.8220375,-13.89525,-17.7028125,-15.3332125,-5.8910375
avg(8585),-18.6859,-17.13995,-8.6466625,1.4335875,11.8593875,18.7732625,16.8655625,8.712725,-1.4257875,-11.82765
avg(8586),3.8990875,13.92175,21.1945875,17.3499625,7.8803625,-6.627225,-16.6800875,-23.905925,-20.0292875,-10.631675
avg(8587),-21.135175,-19.1765875,-11.144525,1.8376875,14.0370625,22.6421875,20.5907875,12.559875,-0.4375125,-12.621825
avg(8588),15.2392625,3.7033,-11.3611375,-20.0932,-22.6849125,-16.9034125,-5.2536,9.7886375,18.476975,21.170425
avg(8589),-18.823,-13.100075,-2.326325,9.1561625,17.0167875,17.039,10.885425,0.5923125,-11.224675,-19.2025125
avg(8590),4.533975,-7.208625,-14.7483625,-17.891225,-14.515425,-5.1087,6.801,14.6787875,17.4600125,14.519
avg(8591),12.9506875,19.2385,16.130725,7.9718625,-3.16725,-12.970475,-18.9390625,-16.7316375,-7.95725,3.0907
avg(8592),9.715075,-0.6035375,-11.70215,-19.2041,-18.6067375,-11.737775,-1.3858,9.7321875,17.265,16.7025375
avg(8593),7.5417125,15.0094125,16.9055625,12.9755625,3.8917375,-7.890725,-15.4856125,-17.1711375,-13.37275,-4.2059375
avg(8594),-18.71625,-16.01575,-7.0060125,4.523075,13.370825,18.64575,16.0540625,6.810325,-4.5971625,-13.5793875
avg(8595),-3.9592125,8.9468625,15.8286625,18.49495,12.20125,1.6454875,-11.1945875,-18.08985,-20.73355,-14.3439875
avg(8596),-18.02805,-23.5044125,-17.9726875,-8.7508,4.516925,14.1777375,19.5692,14.1148125,4.8519875,-8.46375
avg(8597),19.4243625,10.874825,-1.928975,-13.6414,-19.664725,-17.66665,-9.0919375,3.6677375,15.3868875,21.4459625
avg(8598),-13.6896375,-2.507175,10.147175,18.3157375,18.6141625,14.4369625,1.5328625,-9.3635625,-19.175325,-17.8503375
avg(8599),16.8386875,15.0183375,8.82705,-3.0061,-11.89275,-20.8901875,-16.90025,-12.2781125,-0.0219,9.1413
avg(8600),-7.53875,-16.4544375,-22.1492625,-17.6229625,-8.56595,4.9930125,13.2923375,19.020325,15.6682375,4.66665
avg(8601),18.94635,14.4003625,5.871925,-7.5198125,-16.583975,-21.3220125,-16.818875,-8.2789875,5.03715,14.248125
avg(8602),-12.709,0.2738,11.6737125,18.84345,16.928125,8.8860375,-4.097625,-15.5290625,-22.6555125,-20.8812875
avg(8603),-10.4752375,-18.085,-19.8642625,-12.402375,-0.7165375,12.1616,19.825325,21.6406625,14.2207625,2.5209875
avg(8604),20.584625,17.5848375,10.6433,-1.98255,-12.140325,-20.6113875,-17.6185875,-10.6799125,1.88865,12.177325
avg(8605),-6.3584375,-15.1294,-20.127775,-17.38855,-8.1779875,3.421,12.1180375,17.1817,14.46025,5.22545
avg(8606),-16.012375,-4.1244,7.6583875,16.806975,16.8795,13.0786125,1.288575,-10.542225,-19.657275,-19.755725
avg(8607),-7.9083375,4.624825,13.3688125,17.8267125,14.9432875,5.8913125,-6.6032,-15.3746,-19.79205,-16.9465375
avg(8608),-11.296775,-17.6813,-16.7959375,-9.2110375,0.9078375,10.93075,17.3487375,16.49215,8.8473875,-1.2326125
avg(8609),18.2305125,12.43,2.886825,-9.3413875,-16.9283,-18.2976125,-12.593125,-3.016775,9.24345,16.8605125
avg(8610),-17.411125,-21.4137125,-17.7384375,-7.0125125,6.060975,15.6258875,19.393025,15.81775,5.221425,-8.36395
avg(8611),17.47445,8.9670125,-2.4636,-13.0753625,-20.056875,-18.238425,-9.2596,2.087625,12.8164,19.9646875
avg(8612),-1.7864,11.3204125,19.6991,19.916975,13.6526625,1.945575,-11.4042875,-19.7466,-20.153875,-13.6655625
avg(8613),18.4806875,11.0166375,-1.4092875,-13.843975,-22.11135,-21.2417625,-13.7294,-1.3327375,11.199125,19.307725
avg(8614),-2.4024375,11.00775,19.1280375,21.153825,15.3873,3.764325,-9.6009625,-17.715725,-19.7721625,-13.9086
avg(8615),-16.9480375,-23.0632375,-19.021575,-8.9965875,4.8047125,15.4314875,21.458525,17.4783125,7.3941625,-6.325125
avg(8616),14.77445,21.1059875,17.916675,8.4888875,-5.8059,-17.0369125,-23.455425,-20.1757125,-10.7403375,3.512725
avg(8617),-24.1353125,-15.1424375,-2.336625,11.8568875,19.7976625,20.21715,11.3085125,-1.5636375,-15.7320375,-23.6383875
avg(8618),5.6399875,-10.1371125,-19.37795,-23.2798,-15.7035625,-3.9214875,11.8819625,21.1171625,25.0639875,17.449275
avg(8619),-18.2476,-17.432725,-10.2908625,-0.2575375,11.5625375,18.254875,17.402725,10.2593125,0.26675,-11.468175
avg(8620),2.092075,10.4271375,16.1876375,13.7377625,5.2504875,-4.9874875,-13.3983375,-19.1725875,-16.7136625,-8.2774125
avg(8621),12.6262125,3.218125,-9.9575375,-17.17645,-19.7483125,-15.6698625,-6.112675,7.0492875,14.2372875,16.92885
avg(8622),16.4482125,18.7088125,14.1745625,4.1033375,-8.7853875,-16.3898,-18.6350875,-14.3743125,-4.0583625,8.728975
avg(8623),-1.5291875,-12.03835,-19.18415,-18.1213125,-11.956875,-1.373275,8.9759625,16.2960375,15.08615,8.9853
avg(8624),-18.4731125,-9.4664625,3.228675,12.4332,18.9213875,15.4357875,6.5835375,-6.033525,-15.347375,-21.679
avg(8625),-6.5005125,6.1020375,14.8055375,18.5394375,13.375525,4.022925,-8.617,-17.2370125,-20.9521875,-15.607725
avg(8626),-16.166825,-22.760375,-19.1823375,-11.532025,1.96565,12.4095375,18.8104625,15.3477125,7.5921375,-5.9571375
avg(8627),20.393925,13.3441375,0.4282125,-10.9884375,-18.6061875,-18.6525625,-11.4249,1.33505,12.846325,20.32695
avg(8628),16.8283,9.0944,-1.2623875,-12.4234125,-19.4831875,-18.7756625,-11.1419875,-0.719325,10.40275,17.4912875
avg(8629),-3.9348375,8.146575,15.694725,17.262025,12.7171,3.5303375,-8.460975,-16.0837,-17.56325,-13.0705
avg(8630),-14.2976125,-18.8131625,-16.220425,-6.7357375,5.19895,14.135525,18.753975,16.12615,6.561775,-5.2809
avg(8631),20.2514375,17.437025,10.105125,-3.0865625,-13.9840125,-22.9820375,-20.1358875,-12.948025,0.2721125,11.300575
avg(8632),-12.808125,-0.85005,11.8149625,19.7731,20.1745,14.34295,2.28455,-10.3121375,-18.286525,-18.8002375
avg(8633),-8.2304875,-17.2228125,-22.9120875,-18.0528875,-8.1553625,6.5266125,15.5812625,21.3725875,16.5400375,6.5965
avg(8634),0.5426875,11.24585,20.2105875,16.6372875,10.5049375,-3.36035,-14.0783,-21.996425,-20.8568,-11.8998875
avg(8635),-16.9138,-18.8742875,-12.7729625,-1.0974,10.417025,19.5244625,19.0228625,14.8395375,2.86245,-9.3797
avg(8636),16.121075,7.60635,-8.2262125,-16.9632,-23.192025,-18.9051625,-7.6927375,4.975825,16.639175,20.627525
avg(8637),1.41,-10.5696375,-20.1018875,-19.740325,-13.4946875,-1.48235,10.68125,20.1103625,19.76585,13.4684375
avg(8638),-19.2029625,-11.500725,0.749575,10.6786375,18.2328625,16.3111375,8.481475,-3.78665,-13.6885375,-21.2181875
avg(8639),15.2449625,18.8263375,15.4643375,5.0483125,-8.694625,-18.2404625,-21.7089125,-18.2854625,-7.9198,5.865225
avg(8640),13.188125,18.8328125,17.71065,8.09905,-3.963,-16.05505,-21.33685,-19.0377875,-11.8750625,2.946725
avg(8641),-21.9450375,-15.5890375,-3.1701625,9.8717375,17.17055,20.1189375,10.4914125,-0.46415,-13.7957625,-21.62815
avg(8642),4.960625,-7.3606125,-18.333175,-20.7776125,-14.9243375,-4.7619125,10.489925,18.7242125,24.0864,15.838225
avg(8643),19.1771125,13.436375,1.5949875,-10.6321,-19.8051125,-21.4628375,-15.6579875,-3.8665,8.414475,17.54295
avg(8644),-9.4154375,4.8475625,15.854575,20.5564625,15.660075,5.4639,-8.7765,-19.74125,-24.4759125,-19.4467
avg(8645),-13.9853625,-21.4112625,-19.2270375,-10.4308125,4.2277375,15.7753625,23.1950125,20.983125,12.1926375,-2.5513125
avg(8646),-11.5581375,-18.95335,-19.2214,-11.8414375,-2.0701875,9.6706625,16.92955,17.0842875,10.1194,-0.2324125
avg(8647),16.756675,13.3483375,4.1652375,-7.738725,-15.4743,-17.5495125,-13.4050125,-4.660475,7.426975,15.0956875
avg(8648),-6.9793125,3.8242,13.55275,18.4274625,16.60585,7.1593625,-4.1408,-13.358,-18.7869125,-16.3484375
avg(8649),-19.5071,-13.3931125,-3.075425,9.0505875,17.4938875,18.039725,11.125425,1.2205875,-11.1434125,-19.5001125
avg(8650),4.7333625,-6.54485,-15.208225,-16.9286375,-14.5573375,-5.4305,6.5301625,14.506025,17.02455,14.03585
avg(8651),12.617175,18.3369625,17.3319125,7.5863,-2.8849875,-12.915875,-18.5576125,-17.2595625,-8.097525,2.99685
avg(8652),8.8164875,-3.23225,-13.8440875,-20.6925125,-18.5941125,-11.189375,0.7589375,11.54195,18.2698125,16.2743625
avg(8653),8.352075,16.88955,17.815225,11.541175,-0.18725,-12.2386875,-20.760825,-21.7404,-15.3513,-3.7743375
avg(8654),-19.6369125,-15.061075,-4.64025,8.731775,17.7567875,21.39985,16.8565375,6.3501,-7.0046625,-15.977
avg(8655),-12.6443,-1.56765,10.891675,17.2976375,17.8542625,10.4060375,-0.848675,-13.1329375,-19.77425,-19.9875125
avg(8656),-11.2703125,-19.534025,-23.1449625,-16.4618125,-6.6151625,7.38645,15.4780875,19.38365,12.732525,2.6717625
avg(8657),22.27605,18.3897625,8.637675,-4.8454375,-15.023525,-20.62915,-16.4189875,-7.0958875,6.5976375,16.616525
avg(8658),-20.92015,-18.6487375,-11.498025,1.1216625,11.5249625,18.5362875,16.3866375,9.1931875,-3.3574125,-13.8063
avg(8659),11.6563125,-0.0615125,-12.5381375,-20.98755,-22.1719,-15.5773125,-3.9397375,8.6295125,17.043325,18.3584125
avg(8660),9.0379125,17.851925,22.128775,16.707625,6.6817625,-7.26305,-16.0775,-20.3488125,-15.0259,-5.0117375
avg(8661),-14.7004875,-0.6857875,8.8699625,18.5288375,16.556225,11.6435875,-0.758725,-12.5194125,-19.1264875,-21.02865
avg(8662),-10.855225,-19.9079,-22.7337875,-18.20565,-5.412825,5.9612,17.004975,18.752825,13.2097625,2.9325375
avg(8663),23.2664,16.761075,9.35405,-4.955475,-14.763775,-19.758375,-17.0264875,-6.13085,5.94295,17.313225
avg(8664),-4.2377125,-14.064325,-19.1578125,-17.7313625,-8.877125,2.23815,12.0016125,17.16095,15.747625,6.8599
avg(8665),16.9230625,16.6013625,10.312325,0.429075,-9.9350625,-17.33605,-16.9687125,-10.65385,-0.8657875,9.621075
avg(8666),-14.193725,-3.887325,7.6246625,16.270775,17.844125,14.118875,3.8497375,-7.701875,-16.259075,-17.9334875
avg(8667),-23.8592875,-19.1707625,-8.071675,6.7970125,16.5782625,21.1226375,16.5079625,5.3717875,-9.537975,-19.2809
avg(8668),9.59165,-3.509475,-14.506425,-21.01005,-18.209925,-8.23245,4.8666625,15.924725,22.441475,19.615225
avg(8669),11.5891125,20.0571875,20.53415,12.9116375,1.0971,-13.1405625,-21.6976,-22.1456875,-14.497625,-2.6854375
avg(8670),-16.2471125,-5.0662125,8.3942,16.933575,19.1447625,13.5389375,2.3264875,-11.121775,-19.650775,-21.8991
avg(8671),-5.3178875,-14.388325,-19.642625,-15.6426625,-5.9546125,6.70365,15.8633125,21.0192375,17.13465,7.3629875
avg(8672),20.6082375,19.173725,11.2462625,-1.6289,-14.3357625,-22.2353625,-20.7718875,-12.749975,-0.0134875,12.8306625
avg(8673),16.971675,16.018025,6.7545625,-4.3117625,-13.8637125,-18.780625,-18.042975,-9.1021875,2.5332875,11.7154375
avg(8674),-10.265225,-0.559725,8.9938375,16.7981,16.89485,9.507175,0.5079125,-9.3613625,-17.3412375,-16.832725
avg(8675),-7.6918625,-16.6641625,-17.1920875,-14.0559875,-4.5969125,7.7731875,16.272025,17.4801625,13.9239375,4.2365
avg(8676),-8.7192375,-17.710975,-22.5189875,-17.8132125,-7.8837,5.9910625,14.89035,19.729,15.23345,5.1886125
avg(8677),21.4997625,18.2831125,9.7331625,-3.1013125,-13.434725,-20.1277375,-16.821025,-8.5006875,4.3351625,14.72045
avg(8678),-14.3808,-2.5482875,10.7889375,18.881,19.6268,12.8046625,0.9551625,-12.177725,-20.5008625,-21.136125
avg(8679),8.0115125,15.826925,18.65595,15.0555375,4.272075,-8.0198125,-15.7402875,-18.743975,-15.0170125,-4.342325
avg(8680),10.6441,-0.51165,-10.6502,-18.8942375,-17.4402875,-13.7144375,-2.469925,7.730425,15.8260375,14.5884625
avg(8681),-21.6365625,-17.71535,-10.0935625,1.8593625,10.717425,18.8788625,14.766475,7.2391125,-4.66895,-13.6966875
avg(8682),-1.0346125,-12.1849,-19.843225,-19.2543875,-12.3972625,-0.7590375,10.0542125,17.90065,17.3666,10.2028375
avg(8683),15.31555,16.96715,12.7533375,3.3847875,-7.530625,-15.7947625,-17.14425,-13.1988625,-3.598075,7.1746875
avg(8684),-16.0678375,-7.0824875,4.644425,13.895475,18.582225,15.9016125,6.9067625,-4.6569875,-14.1980625,-18.45525
avg(8685),-3.5290125,7.6949125,16.23815,17.343825,14.6934125,3.490175,-7.6749875,-16.2135625,-17.3748375,-14.7637875
avg(8686),13.709425,9.1308,-1.92735,-10.7729,-18.941725,-16.6307125,-12.1598875,-1.022175,7.76525,15.9597625
avg(8687),-14.6691125,-21.120425,-17.9229625,-9.391625,2.45835,11.6766,18.277525,15.011125,6.56095,-5.2790375
avg(8688),14.8922875,6.778925,-6.4055625,-15.7201875,-20.8964625,-16.9412625,-8.9812875,4.2949875,13.65075,18.730775
avg(8689),-0.7405875,10.5735375,18.158725,16.988225,9.4818125,-3.2354625,-14.4421,-22.0489875,-20.829,-13.315875
avg(8690),-17.515675,-19.712175,-12.9232,-1.778925,11.113,19.2423875,21.546525,14.660275,3.471475,-9.343025
avg(8691),-0.0269125,-0.028175,-0.0211875,-0.0108125,-0.0115375,-0.013075,-0.0126125,-0.012075,-0.0093125,-0.0106625
avg(8692),-1.48915,-1.4899625,-1.4859875,-1.4820625,-1.48055,-1.476575,-1.4756625,-1.4676375,-1.4719375,-1.471725
avg(8693),-1.460075,-1.4607125,-1.4547375,-1.449475,-1.441025,-1.44475,-1.44535,-1.4388625,-1.4510375,-1.4421625
avg(8694),-15.89845,-5.98875,6.5765125,14.95135,19.3354,15.8265125,5.9779,-6.5947875,-14.9513625,-19.357875
avg(8695),14.8673625,15.1915875,11.455325,1.2495,-9.5727125,-17.8294625,-18.1836125,-14.451925,-4.2280125,6.636625
avg(8696),-3.11055,-12.913825,-21.11315,-18.6076125,-11.673775,0.180125,9.9674625,18.23655,15.7332375,8.7496625
avg(8697),-21.661675,-20.075325,-13.07215,-0.37595,10.9786375,18.96095,17.491725,10.206725,-2.4829875,-13.7767625
avg(8698),14.2568125,3.6313375,-8.9458125,-16.79425,-18.62985,-12.782375,-2.2171875,10.540875,18.3046625,20.0132
avg(8699),5.18985,15.005075,21.5278625,17.095575,7.6358875,-6.8558125,-16.7590625,-23.14815,-18.5816,-9.0700375
avg(8700),-14.658625,-18.7361625,-15.3114625,-5.2720875,7.13925,14.570625,18.8385375,15.3308,5.295475,-7.046525
avg(8701),-4.0276,7.6741375,14.37175,14.74915,10.2443375,1.1378375,-10.583175,-17.2769875,-17.7439,-13.2487375
avg(8702),15.580725,7.3086125,-3.014875,-13.30025,-20.6959625,-18.4186125,-10.35385,0.0482375,10.356025,17.8108
avg(8703),-20.836375,-15.7227,-6.4566375,6.445325,14.7693125,18.4609625,13.3789875,3.941575,-8.87195,-17.1517
avg(8704),7.5219375,-5.9171875,-16.057225,-22.6560875,-19.1733,-11.309225,2.10695,12.27775,18.7459,15.3051125
avg(8705),12.7411,20.3719,20.3528125,13.0854875,0.6252375,-11.065925,-18.679675,-18.5112625,-11.21655,1.1626375
avg(8706),16.7905,19.6702875,14.4743125,4.381675,-9.2956875,-16.811625,-19.684825,-14.450025,-4.44675,9.384
avg(8707),0.0667875,-11.2060125,-18.36235,-18.55775,-12.7093125,-2.9142375,8.2788375,15.432775,15.6360875,9.683625
avg(8708),-18.239175,-9.597725,2.3163125,11.5858375,18.2976625,15.224025,6.6578875,-5.29815,-14.535425,-21.1473625
avg(8709),-6.757375,4.1818875,15.882725,18.792775,16.19335,5.2440125,-7.3826375,-16.89485,-21.054325,-18.240425
avg(8710),-12.1233875,-20.26025,-17.6347375,-10.3352625,1.844475,12.53575,19.7106875,16.0059375,10.6733,-2.1196375
avg(8711),18.04845,15.3978625,1.0284375,-9.4713375,-19.4800875,-19.411475,-14.1012875,-0.697075,8.9825125,19.35765
